Nombre;Telefono;Correo;Direccion;Codigo Postal;Pais; Importe 
Martena Henson;(231) 221-2963;magnis.dis@google.com;108-4808 Sed Rd.;35884;Indonesia; $96.68 
Shannon Keller;(216) 480-3235;aliquet@aol.couk;698-4694 Tellus. Road;47433;Ireland; $41.73 
Erich Bishop;(841) 658-8817;maecenas.malesuada@hotmail.org;Ap #335-4249 Vestibulum Rd.;20881;New Zealand; $0.76 
Dominic Potter;1-838-571-6465;aliquet.odio@google.edu;2147 Donec Rd.;30806;China; $13.63 
Bernard Murray;(277) 862-5637;non@protonmail.net;1118 Egestas St.;64312;Turkey; $39.04 
Dieter Vinson;(318) 814-0536;etiam@icloud.couk;9572 Dapibus Rd.;215468;Spain; $50.24 
Regan Byers;(864) 253-1532;aptent@yahoo.couk;523-5740 Arcu. St.;26859;Turkey; $77.74 
Sopoline Huffman;1-468-715-4432;ligula.nullam@icloud.com;Ap #978-570 Elit Avenue;45467;Indonesia; $40.36 
Clare Rice;(978) 585-2255;nec.urna@yahoo.org;Ap #591-451 Natoque Avenue;66881;Peru; $19.50 
Eaton Mercer;1-567-981-6042;arcu.ac@hotmail.net;3441 Et Street;237457;India; $24.78 
Nora Donaldson;1-511-415-2024;condimentum@icloud.ca;988 Duis Rd.;60979;New Zealand; $93.79 
Chadwick Roberson;1-446-478-6821;rhoncus.proin.nisl@outlook.edu;3732 Sagittis Road;7587 ON;Nigeria; $20.86 
Melissa Reid;1-844-286-1465;adipiscing.non@hotmail.com;Ap #891-7421 Nec Av.;85638;Poland; $12.60 
Libby Lee;(638) 633-3576;proin@outlook.com;Ap #777-107 Amet Av.;861834;Canada; $95.56 
Aiko O'connor;(950) 506-2168;felis@google.net;Ap #341-1975 Integer St.;03424;Turkey; $34.89 
Rhiannon Head;1-825-438-8383;turpis.nulla@hotmail.ca;P.O. Box 590, 8685 Nisl Rd.;41716;Nigeria; $94.22 
Nathaniel Johns;1-867-914-7121;arcu.eu@protonmail.couk;9662 Neque Rd.;88731;Belgium; $83.34 
Nerea Jarvis;1-736-385-2348;libero@google.com;461-2577 Nibh St.;5431;Australia; $19.66 
Brett Greene;1-462-283-8939;malesuada.integer@yahoo.com;P.O. Box 532, 4178 Metus St.;26807;Turkey; $29.28 
Brittany Strong;1-281-825-1218;quis@outlook.net;245-3547 Auctor, Rd.;187517;Russian Federation; $92.69 
Riley Nolan;1-438-973-4392;sociis@icloud.org;7613 Vitae Rd.;1070 YH;Australia; $15.44 
Noelle Kirk;1-899-275-0535;sit.amet@outlook.net;Ap #579-208 In St.;181386;Russian Federation; $44.52 
Hasad Gallagher;(381) 578-7128;phasellus.libero@icloud.net;239-4289 Libero. Avenue;8474;Peru; $75.00 
Edward Gaines;(983) 873-6377;sem.magna.nec@hotmail.org;549-7863 Leo St.;38182-42342;Vietnam; $50.33 
Galvin Webster;1-101-582-9257;risus.quis.diam@aol.ca;P.O. Box 955, 8056 Senectus Ave;35173-11669;Costa Rica; $54.71 
Axel Wise;(349) 675-4288;lorem@yahoo.edu;Ap #586-7121 Penatibus Avenue;385077;Pakistan; $13.85 
Lilah Lawrence;1-580-548-8674;neque.venenatis.lacus@protonmail.ca;790-8290 Porttitor Ave;7667;Italy; $63.78 
Christine Goodwin;1-803-142-3058;lacus@yahoo.couk;Ap #398-3430 Dolor. Ave;16476;Mexico; $12.00 
Keith Melton;(160) 768-7735;et.lacinia@google.com;923-8654 Nec, St.;76-586;South Korea; $72.44 
Abdul Reed;1-756-468-6229;lorem@outlook.net;Ap #569-6029 Ut Rd.;654572;Sweden; $83.37 
Jeanette Adkins;(764) 436-8585;in.cursus@protonmail.com;Ap #886-657 Nulla Avenue;7107;Italy; $85.27 
Hector Cabrera;(314) 356-1681;quisque.imperdiet.erat@hotmail.couk;P.O. Box 488, 9251 Nulla St.;759883;Vietnam; $31.56 
Brynne Tran;(676) 374-6363;vitae.mauris@icloud.ca;807-9792 Varius. Rd.;694824;China; $67.59 
Summer Rowe;1-276-531-9119;volutpat.ornare@hotmail.com;3174 Ante. St.;36766;Sweden; $55.74 
Sheila Peters;1-635-908-1171;vivamus.nisi@aol.org;790-5472 Erat. Rd.;1771;Ireland; $66.88 
Harriet Cooper;1-725-226-8138;egestas.a@yahoo.edu;4224 Dolor, St.;84369;Belgium; $15.96 
Adara Cline;(854) 385-4382;nunc@google.org;P.O. Box 707, 3983 Gravida. Av.;82843-91758;Canada; $23.42 
Stuart Robinson;(623) 236-2004;orci.ut@yahoo.edu;P.O. Box 280, 8116 Iaculis Av.;21246;Brazil; $93.85 
Georgia O'connor;1-480-326-6313;integer.eu@hotmail.net;5154 Blandit Road;0836;Russian Federation; $7.24 
Drew Guerrero;(819) 482-4681;convallis@aol.couk;Ap #470-7281 Ante Avenue;12821-45154;Vietnam; $62.72 
Austin Vargas;1-472-259-5754;a.dui@outlook.couk;2388 Ipsum Road;91449;Costa Rica; $9.29 
Sean Charles;1-671-902-0124;venenatis.vel@protonmail.net;156-1996 Et Rd.;9735;Nigeria; $88.07 
Dana Haley;1-611-273-4665;et.ultrices@protonmail.ca;Ap #298-7680 Risus. Road;61260;Indonesia; $36.65 
Sopoline Mathews;1-978-878-6360;vel@aol.edu;Ap #127-7392 Mollis Avenue;937916;United Kingdom; $17.20 
Zorita Maynard;1-169-308-4638;quam.quis@hotmail.couk;678-5525 Et St.;50557;Peru; $87.35 
Hasad Gomez;1-274-383-3754;nunc.mauris.morbi@hotmail.net;Ap #379-6977 Elit Street;27432;France; $15.50 
Finn Solis;1-431-829-4068;orci@outlook.org;9142 Neque Av.;565363;China; $96.23 
Jonah Nicholson;1-454-696-1731;ornare.libero.at@icloud.org;Ap #160-1672 Nunc Avenue;4441 UD;China; $99.55 
Nissim Santana;(717) 788-0863;quam.pellentesque@aol.net;P.O. Box 228, 2994 Faucibus Road;6113;Nigeria; $75.18 
Malachi Barrera;(356) 775-0835;nec.ante@icloud.couk;Ap #952-6518 Id, Rd.;116053;United States; $90.99 
Jillian Dodson;(146) 773-5834;justo.sit@protonmail.net;Ap #925-6642 Magna. Avenue;337571;Vietnam; $83.67 
Alexander Fletcher;1-754-657-5289;quisque@google.couk;Ap #788-8921 Tellus St.;70512;China; $45.51 
Colette Finley;(523) 856-7280;luctus.felis@outlook.ca;Ap #784-7870 Donec Street;50414;Peru; $25.57 
Callum Mcclure;(882) 778-3579;nec@protonmail.net;177-3665 Ipsum. Road;153757;France; $19.29 
Maya Ware;(467) 399-3424;risus.donec@icloud.org;5280 Rutrum St.;05471;Canada; $31.12 
Kai Pitts;(438) 476-8941;nulla.cras.eu@icloud.edu;538-759 Tincidunt, Avenue;617653;Poland; $17.82 
Shaine Atkinson;1-391-217-3589;luctus.ut@icloud.ca;960-7137 Fusce Road;40W 5X3;United Kingdom; $46.47 
Reece Lyons;1-257-428-7300;ac@hotmail.ca;6848 Tellus. St.;2216;Belgium; $80.26 
Tanisha Roman;(745) 696-1149;gravida@outlook.org;P.O. Box 328, 5228 Posuere Avenue;I7P 5PR;Turkey; $34.30 
Ali Nelson;(779) 723-8632;vel.faucibus@hotmail.com;Ap #166-9957 Lectus Street;858452;France; $68.35 
Rooney Frederick;1-147-483-9444;vel.vulputate@google.com;Ap #290-6963 Nunc Avenue;78025-61504;Ireland; $32.88 
Graham Simpson;1-629-883-2836;libero@outlook.com;584-6379 Vitae Ave;121461;Colombia; $89.88 
Glenna Crawford;(867) 742-4764;lorem.vehicula.et@aol.org;Ap #288-9768 Neque Rd.;40897;Belgium; $18.28 
Zephr Carlson;(733) 539-0380;tellus.phasellus.elit@google.net;Ap #350-7647 Nulla Road;41862-681;Canada; $74.81 
Blake Morales;1-788-747-6544;adipiscing@protonmail.net;P.O. Box 841, 746 Suspendisse Rd.;9817;China; $46.38 
Laith Mcleod;(959) 363-6078;sed.tortor@hotmail.couk;P.O. Box 737, 6623 Luctus St.;3726;Australia; $2.42 
Christopher Butler;(759) 792-4734;libero.donec@hotmail.net;555-6578 Cubilia Road;55-754;Russian Federation; $20.44 
Shannon Smith;1-325-748-8365;faucibus.id@google.com;484-2520 Habitant Av.;636756;Nigeria; $51.46 
Zahir Hyde;(226) 750-2638;nullam.lobortis@protonmail.edu;Ap #347-9186 Magna. Rd.;8736;Spain; $54.61 
Eugenia Daugherty;(412) 299-7831;diam@google.net;800-8970 Quis Avenue;26045;Norway; $19.09 
Willow Bailey;(541) 712-2757;sapien@aol.edu;P.O. Box 757, 6699 Et Street;83062;Germany; $65.92 
Ulla Pittman;1-628-856-4881;ipsum.curabitur@aol.net;Ap #112-2707 Nunc Street;1803;Pakistan; $55.52 
Neville Shaffer;(177) 267-5834;ridiculus@yahoo.org;798-1705 Curabitur Road;303705;Brazil; $13.76 
Gannon Morse;1-126-610-1041;mauris@outlook.com;2023 Mattis. St.;64140;Russian Federation; $86.23 
Sheila Roy;(297) 923-8586;parturient.montes.nascetur@outlook.couk;P.O. Box 286, 7664 Mauris St.;538456;Pakistan; $57.25 
Evan Woodward;1-845-779-6863;nonummy.ut.molestie@yahoo.edu;Ap #844-6543 Parturient Avenue;27667;Costa Rica; $48.33 
Eaton Stanton;(237) 825-7866;iaculis@aol.net;8242 Luctus Av.;319276;Germany; $35.90 
Imani Dyer;(860) 265-6823;sed.eget@icloud.ca;Ap #341-2765 Mi Rd.;B3B 3X2;Netherlands; $74.86 
Maite Love;(697) 401-1060;id.nunc.interdum@outlook.net;3238 Et Ave;3156;Norway; $79.06 
Lisandra Chandler;(421) 617-0631;semper.nam.tempor@aol.couk;Ap #303-743 Cursus Av.;28262;Spain; $67.16 
Wesley Velazquez;(325) 892-9836;mauris.vestibulum.neque@hotmail.com;Ap #279-2018 Morbi Avenue;9248;China; $36.49 
Rose Frederick;1-876-489-7738;ornare.in.faucibus@hotmail.ca;8643 Euismod Street;7755;India; $45.96 
Madison Whitehead;(853) 587-1827;vitae@aol.org;Ap #107-9474 Commodo St.;42808;Nigeria; $74.27 
Bell Campos;1-944-798-2629;auctor@protonmail.org;P.O. Box 648, 811 Lorem St.;30212;France; $86.98 
Jarrod Sears;1-918-657-9155;dui.fusce@aol.ca;P.O. Box 645, 346 Ipsum. Ave;38268;United Kingdom; $47.46 
Riley Gallagher;(866) 144-5541;curabitur.egestas@protonmail.net;965-420 Eu Rd.;26477;Sweden; $38.91 
Raja Garrison;1-905-775-6856;ac.turpis.egestas@outlook.net;Ap #914-9879 Ac Avenue;54743;Norway; $79.80 
Cole Petersen;1-415-485-5281;risus@google.edu;Ap #384-2565 Massa Ave;341156;New Zealand; $95.11 
Abraham Calhoun;(416) 487-1035;consectetuer.mauris@google.edu;Ap #255-300 Faucibus St.;712227;Turkey; $25.31 
Hamilton Wells;1-557-922-8630;rhoncus.proin@aol.net;730-2850 Dui Road;373574;China; $13.04 
Vincent Gould;(870) 619-1865;vitae.sodales@google.net;1488 Lacus. Rd.;846221;Italy; $46.22 
Armand Patrick;1-766-828-2114;ante.iaculis.nec@hotmail.edu;Ap #508-7867 Tortor. Av.;58337-28405;Spain; $87.73 
Yardley Goodwin;(273) 916-5208;sapien.cras@aol.ca;P.O. Box 250, 6047 Egestas. St.;7114;Indonesia; $23.39 
Barry Jarvis;(685) 722-4883;semper.dui.lectus@yahoo.com;Ap #597-3275 Ut St.;H4L 3L2;Mexico; $58.10 
Brielle Larson;(282) 686-9063;at@protonmail.org;P.O. Box 517, 1865 Pharetra Road;23-240;New Zealand; $44.55 
Fritz Davidson;1-456-236-2341;id.mollis@aol.com;P.O. Box 731, 3390 Purus Rd.;21203;Pakistan; $30.87 
Cody Blackburn;(996) 523-0643;scelerisque.dui@aol.ca;2804 Dolor Street;6176;Indonesia; $95.72 
Clark York;1-824-685-5506;morbi@google.net;P.O. Box 845, 9049 Leo. Rd.;528114;Russian Federation; $62.30 
Quinn Holmes;1-311-344-2240;aliquam@outlook.ca;817-9261 Mollis St.;SB5 6HI;Norway; $50.97 
Sonya Dale;(385) 809-1022;fermentum.arcu@outlook.ca;Ap #564-6989 Id St.;7266;Chile; $51.09 
Lara Lancaster;(641) 475-7409;nisi.aenean@protonmail.net;Ap #303-1566 Eu St.;741681;Russian Federation; $92.31 
Jerome Aguilar;1-652-594-6980;varius@hotmail.ca;Ap #640-2557 Pharetra, Road;46331;New Zealand; $43.48 
Gretchen Berry;1-230-613-9164;non.enim@protonmail.net;P.O. Box 207, 7042 Conubia Rd.;8602;Sweden; $39.73 
Norman Emerson;1-557-616-2916;sit.amet@aol.org;P.O. Box 485, 5487 Massa. St.;163332;India; $82.71 
Bevis Hunter;1-731-548-5162;accumsan.convallis@aol.edu;101-5598 Vulputate, Av.;3865;United States; $45.33 
Dorothy Charles;1-554-231-1603;malesuada.integer.id@protonmail.net;463-8670 Integer Ave;3868;India; $31.64 
Sonya Campbell;1-206-133-0734;sagittis@protonmail.couk;P.O. Box 220, 8596 Lobortis. Road;D89 1HZ;Germany; $28.91 
Kevin Cobb;1-451-748-1658;risus.quisque@yahoo.ca;P.O. Box 292, 8691 Ante Avenue;57356-96583;Austria; $67.56 
Montana Mclean;1-732-737-2512;erat.etiam@protonmail.couk;855-3239 Magna. St.;33934;Canada; $34.71 
Jenette Tate;(585) 241-4365;vel.lectus.cum@google.ca;Ap #525-6529 Egestas Rd.;30004;Australia; $12.09 
Violet Carr;1-380-693-6478;tincidunt@google.net;824-8367 Eu Rd.;549824;India; $23.32 
Barclay Hobbs;1-141-166-6914;in.faucibus@aol.net;2240 Dignissim Rd.;96756-418;Turkey; $39.72 
Macy Ewing;1-683-373-1228;euismod.est@yahoo.com;Ap #332-9715 Aliquam Street;18-017;Ireland; $90.02 
Price Brewer;1-825-869-6729;auctor.mauris.vel@hotmail.com;Ap #736-2279 Donec St.;65442-724;Germany; $81.85 
Brooke Duran;1-567-855-2451;turpis.egestas@hotmail.ca;774-8806 Sit Rd.;69611-93970;Austria; $37.62 
Echo Burgess;(437) 644-1236;dolor.nulla.semper@protonmail.org;177-9765 Risus. Ave;23737;Costa Rica; $94.28 
Ferdinand Howell;1-337-228-1776;ornare@hotmail.com;P.O. Box 978, 9364 Vulputate, Av.;65851-106;Spain; $8.25 
Hope Irwin;1-233-337-3398;ante.bibendum@google.edu;Ap #597-7558 Mollis Street;3717 TS;United Kingdom; $84.35 
Ferdinand Weaver;1-982-786-1715;risus.morbi@hotmail.edu;Ap #965-2280 Et Rd.;4398;Norway; $61.64 
Victoria Maldonado;(541) 843-2112;vehicula.et@icloud.com;Ap #836-101 Ullamcorper Rd.;8169;Turkey; $11.13 
Cole Cruz;(821) 466-8429;porta.elit.a@icloud.ca;198-5164 Est. Ave;75768-842;Ireland; $85.05 
Griffith Santana;(649) 518-5556;eget.tincidunt@outlook.couk;179-1699 Mi Rd.;20725-006;Peru; $49.56 
Connor Beard;1-357-128-8153;congue@protonmail.edu;Ap #469-1912 Vivamus Rd.;5575;South Korea; $64.14 
Anastasia Rodgers;1-184-742-6853;morbi@outlook.org;Ap #782-8323 Nunc St.;8959;Austria; $15.46 
Chase Snider;1-504-573-5373;sit@icloud.edu;Ap #931-4555 Erat, Av.;8743;Netherlands; $36.78 
Rina Nieves;(130) 427-6323;sodales.mauris.blandit@hotmail.couk;144-7585 Dui, St.;88636;Brazil; $90.14 
Shay Mendoza;(664) 317-7756;aliquam@protonmail.ca;Ap #395-2352 Est. Avenue;44550-66425;Vietnam; $49.44 
Dawn Robbins;1-892-547-1235;quam.vel.sapien@icloud.edu;P.O. Box 642, 5435 Gravida. Street;564661;Ireland; $50.72 
Davis Russell;(359) 788-4773;mus.proin@outlook.org;8716 Dui. Rd.;6732;Spain; $80.49 
Quamar Coleman;1-822-348-1872;montes@hotmail.net;822-7687 Erat Road;P4 6RN;Brazil; $98.98 
Imogene Roth;1-378-189-7836;pede.ac.urna@protonmail.com;Ap #779-8415 Eleifend Av.;29681;Russian Federation; $36.42 
Dominique Kent;1-671-101-4963;odio.aliquam@aol.net;P.O. Box 868, 5854 Cursus Road;56572;Italy; $33.98 
Kerry Hardy;1-926-308-5385;vel.pede@google.net;Ap #189-4843 Donec Av.;6855;South Korea; $72.73 
Alisa Schwartz;1-632-655-6233;convallis.dolor@aol.ca;502-9191 Sed, Rd.;7184;Sweden; $50.86 
Melanie Boyd;(389) 881-8643;aliquet@hotmail.couk;554-5154 In St.;277216;Brazil; $93.14 
Maile Aguilar;1-517-471-3453;cras.dolor.dolor@hotmail.net;Ap #938-7892 Ligula. St.;179366;Pakistan; $82.17 
Donovan Haney;(237) 338-0556;malesuada.id@protonmail.edu;P.O. Box 433, 5935 Sit St.;55614;Norway; $7.34 
Maris Oneal;1-686-364-3783;vulputate.lacus.cras@hotmail.edu;8431 Mi. Ave;18968-68439;United Kingdom; $19.12 
Deanna Dudley;(712) 529-4660;tincidunt.congue.turpis@protonmail.net;P.O. Box 590, 3814 Blandit Ave;88276;Turkey; $20.50 
Maisie Pitts;(750) 577-0184;facilisi.sed@protonmail.com;362-4696 Ligula. St.;88713-633;Spain; $90.30 
Bell Tate;(187) 459-3929;sed@aol.com;P.O. Box 500, 3663 Libero. Ave;22M 1W5;Canada; $71.36 
Channing Bernard;(506) 552-2162;eu.enim.etiam@protonmail.com;432-8335 Eget, Road;372035;Russian Federation; $32.92 
Ava Jackson;(863) 332-1769;eu.tellus.eu@protonmail.edu;7003 Ligula Rd.;51656-27204;Canada; $26.34 
Candice Shaw;(376) 945-3796;cursus.et@icloud.edu;268-6246 Luctus, St.;13582;France; $74.10 
Sean Lester;1-757-993-3452;porttitor.vulputate@hotmail.net;322-167 Gravida Ave;44361;Austria; $10.96 
Cally Robles;(823) 161-6636;purus.ac.tellus@google.com;Ap #550-3677 Auctor. St.;75578;Spain; $34.33 
Maggie Garrison;1-643-114-3415;vestibulum.massa.rutrum@icloud.edu;174-2290 Libero. Ave;69806-77377;United States; $61.73 
Brady Dennis;(845) 266-1526;rutrum@google.edu;P.O. Box 795, 757 Condimentum Avenue;51702;Costa Rica; $67.80 
Lionel Pitts;1-727-795-8464;donec@protonmail.net;P.O. Box 498, 7998 Feugiat Ave;50714-53346;United States; $83.78 
Odysseus Calderon;1-267-523-2511;nec@google.org;916-4768 Tristique St.;93-768;Colombia; $7.93 
Adrienne Knight;1-985-736-8833;elit.aliquam@icloud.edu;714 Sem Ave;14265;Colombia; $22.86 
Ali Finch;(478) 478-1914;cursus.non.egestas@aol.ca;675-1897 Neque. Avenue;231423;Italy; $80.30 
Xyla Snow;(212) 717-1431;tortor@icloud.net;672-4602 Libero Rd.;78T 1Z0;Peru; $42.20 
Quon Sargent;1-189-657-0005;amet.massa@aol.net;643-2720 Donec Avenue;15568;Poland; $80.68 
Zenia Cherry;(544) 107-8551;arcu.vestibulum.ante@yahoo.net;4297 Ligula St.;25788;Germany; $29.94 
Isaac Eaton;1-895-418-8817;tellus.justo@yahoo.com;Ap #314-3251 Odio Ave;1192 GF;United States; $0.39 
Garth Webster;1-862-871-6053;malesuada.ut@yahoo.edu;840-1580 Dui Rd.;864825;New Zealand; $26.31 
Mara Deleon;1-763-260-7825;iaculis.enim@hotmail.couk;500-4249 Erat Ave;11221;Germany; $96.49 
Akeem Landry;1-985-863-4170;tellus.justo@hotmail.edu;7273 Mus. Ave;00453;Colombia; $45.25 
Kiona Ross;1-304-758-7493;tempor.bibendum@google.couk;P.O. Box 434, 2338 Porta Avenue;44284;Vietnam; $12.52 
May Lawrence;1-618-759-9372;mollis@aol.couk;Ap #339-8083 Amet Road;7063 UI;Sweden; $59.19 
Igor Sherman;(681) 698-5668;aliquet.magna@yahoo.edu;676-633 Lectus Road;9721;Mexico; $19.35 
Cally Duffy;(708) 610-6474;euismod@protonmail.edu;Ap #996-9471 Diam Av.;165647;Vietnam; $64.17 
Michelle Webb;(584) 373-6567;phasellus.fermentum@icloud.edu;919-8630 Nisl Rd.;448253;South Korea; $89.51 
Tanisha Fisher;1-247-653-0889;in@yahoo.com;P.O. Box 988, 7399 Ac Rd.;37983-47097;Brazil; $91.70 
Jaquelyn Jacobson;1-875-802-5571;dolor@outlook.net;777-3992 Lobortis Road;39602;South Korea; $68.85 
Heather Gilliam;(363) 655-0475;mus@aol.net;Ap #223-9049 Porta Rd.;8251;Chile; $3.35 
Ora Barnett;1-449-501-4577;lorem.ipsum@aol.net;Ap #375-6088 Blandit. Rd.;61823-640;Belgium; $75.17 
Carlos Schneider;(643) 617-2872;placerat@outlook.net;P.O. Box 292, 7348 Ut, Road;5616;Turkey; $87.59 
Nyssa Shannon;(815) 776-3751;dolor.sit.amet@google.edu;P.O. Box 674, 199 Et St.;42657-06173;Costa Rica; $50.26 
Colleen Barber;1-218-301-0736;velit.pellentesque.ultricies@protonmail.com;P.O. Box 677, 6283 Natoque Avenue;32157;Indonesia; $20.90 
Ivory Buchanan;1-996-651-7134;ipsum@google.couk;122-5354 Ac Rd.;96339;Peru; $33.57 
Carl Crane;(618) 865-8854;aliquet.molestie.tellus@outlook.couk;132-8375 Convallis St.;3318;France; $39.84 
Catherine Watts;1-614-683-1747;nec@outlook.couk;P.O. Box 597, 1317 Consequat Rd.;G13 8LE;Nigeria; $48.62 
Riley Alford;(659) 716-8284;sem.mollis.dui@yahoo.ca;Ap #897-1974 Risus. Road;57-120;Italy; $42.11 
Elaine Fitzgerald;(815) 695-5065;ac.turpis.egestas@aol.com;Ap #664-4159 Et Rd.;264309;Costa Rica; $47.54 
Winter Townsend;1-687-361-2459;non.magna@hotmail.couk;Ap #484-2621 Dictum Avenue;26657;Turkey; $89.92 
Mallory Petersen;1-455-567-8161;proin.sed@google.org;Ap #767-5715 Arcu. Avenue;79200;Poland; $34.60 
Rajah Stephens;1-582-456-7523;laoreet.ipsum@protonmail.ca;128-7139 Enim. Street;504623;Canada; $4.56 
Sasha Talley;1-472-311-1896;phasellus.dapibus.quam@hotmail.org;905-4330 Maecenas Av.;89891-071;Germany; $27.05 
Sarah Hall;(540) 243-6302;torquent.per@google.couk;1093 A, Road;6057;China; $93.75 
Hope Gould;1-645-260-4532;eu.tellus@icloud.ca;Ap #395-7780 Erat Ave;515223;Norway; $42.17 
Bevis Coleman;1-481-261-0345;sapien.nunc@outlook.edu;426-2149 Malesuada Ave;03288;China; $68.46 
Aileen Byers;(568) 460-7683;justo.nec@google.com;P.O. Box 402, 846 Dui St.;50307;Indonesia; $6.37 
Damian Rowe;(881) 535-5054;dolor.dapibus@protonmail.org;Ap #578-7592 Elit, Rd.;21796;Italy; $32.72 
Raphael Mccoy;1-734-682-4092;ut.ipsum@icloud.edu;406-523 Vestibulum Ave;719155;India; $50.31 
Angela Faulkner;1-663-445-2134;non.sollicitudin@google.couk;432-6005 Proin Av.;300276;New Zealand; $56.89 
Tatum Phelps;(404) 984-2044;neque.vitae@outlook.edu;Ap #274-4251 Tempor Road;6847;Indonesia; $32.61 
Stewart Patel;1-484-839-8019;nulla@protonmail.ca;3011 Varius Avenue;4522;Peru; $8.68 
Stacey Knowles;1-369-381-1534;non@google.net;Ap #136-9592 Vivamus St.;54311;France; $36.86 
Davis Baird;(232) 595-8775;lacus@yahoo.edu;P.O. Box 244, 1373 Dui St.;48932;Austria; $65.00 
Ariana Mcgee;1-247-396-3166;nullam.suscipit.est@aol.couk;Ap #872-2806 Dignissim Road;774390;Poland; $23.22 
Anne Merritt;1-398-237-5932;risus.morbi@protonmail.com;P.O. Box 183, 6130 Nunc Av.;I57 4KI;France; $32.54 
Mark Bell;1-478-454-2611;rhoncus@outlook.edu;P.O. Box 403, 255 A, Av.;031299;Mexico; $74.43 
Dalton Pierce;1-725-172-5052;orci@yahoo.ca;P.O. Box 443, 2195 Parturient Ave;1581;Germany; $47.10 
Fuller Ellis;(637) 624-2747;diam@hotmail.net;Ap #156-1167 Nunc St.;8568;Germany; $80.26 
Nissim Rasmussen;(756) 381-5085;sed.pharetra.felis@yahoo.com;6663 Magna. St.;53785;Austria; $33.14 
Odysseus Goodwin;1-836-786-4273;sed@outlook.ca;Ap #366-7668 Mi Rd.;7896;Pakistan; $77.51 
Winifred Hobbs;(267) 114-9334;metus@aol.com;Ap #454-1243 Orci, Avenue;4561;Chile; $92.88 
Stacey Harrison;(628) 581-4476;nisi.nibh@protonmail.ca;988-822 Porttitor Av.;506982;Indonesia; $43.51 
Nichole Charles;(116) 412-3302;elit.nulla@icloud.net;P.O. Box 324, 2836 Rutrum Rd.;475878;Mexico; $31.37 
Griffith Rodriguez;(635) 443-7913;nisi.sem.semper@aol.ca;912-7385 Vulputate, Av.;11147;Peru; $55.26 
Courtney Gentry;(333) 693-8975;donec.elementum@outlook.org;Ap #835-8522 Odio. Street;84554-301;United States; $45.68 
Conan Cherry;1-818-448-7510;auctor.quis@hotmail.ca;Ap #258-6647 Duis Rd.;35362;India; $88.86 
Xander Huffman;(431) 447-6347;ornare@yahoo.net;7370 Sit Ave;2757;Vietnam; $92.75 
Lyle Mccormick;(670) 332-6735;ac.sem@google.org;679-8804 Quisque Ave;98-715;Canada; $67.54 
Owen Buck;1-741-363-7346;nullam.nisl@google.org;225-4578 Quis, Avenue;11504;United States; $84.06 
Uriah Hancock;1-501-644-3626;lacinia.orci@aol.edu;850-9269 Aliquet Rd.;948355;Australia; $34.22 
Mona Greene;(537) 615-3261;tortor.at@protonmail.couk;7923 Ac Rd.;3698;Mexico; $48.11 
Germaine Ferguson;(283) 359-6334;ut.dolor@icloud.ca;Ap #926-731 A Ave;862916;Sweden; $30.48 
Orli Ayala;(545) 707-8325;phasellus.vitae.mauris@yahoo.couk;156-7216 Neque Rd.;6235 OO;Sweden; $65.84 
Beverly Kinney;(887) 944-7602;nec.diam.duis@yahoo.edu;Ap #781-3668 Eu St.;478349;South Korea; $2.44 
Plato Sims;(274) 673-7672;blandit.congue.in@google.net;Ap #128-4608 Elit, Rd.;3887;South Korea; $50.10 
Belle Snyder;(237) 583-3230;mauris@aol.couk;P.O. Box 434, 5769 Mauris. St.;3530;India; $10.80 
Lev Pierce;(745) 888-5243;malesuada.malesuada@icloud.ca;3782 Posuere St.;67681-822;Poland; $76.12 
Kylan Andrews;(823) 245-7331;risus.quis@aol.com;P.O. Box 126, 8328 Mus. Street;49486;Colombia; $10.51 
Orla Dorsey;1-716-625-4632;urna.et.arcu@yahoo.net;3550 Et, St.;G2G 4X3;Russian Federation; $72.44 
Julian Baird;1-497-412-6175;nonummy.fusce@google.net;5393 Odio Av.;n9M 1Z0;Norway; $64.72 
Melyssa Patel;1-552-325-6362;penatibus.et@protonmail.ca;Ap #815-9119 Proin St.;75321;Turkey; $6.36 
Ebony Hammond;(978) 864-4345;in.condimentum@outlook.com;P.O. Box 459, 360 Sit Av.;8580;Nigeria; $19.77 
Hilel Mclaughlin;1-984-742-3312;tellus.imperdiet.non@icloud.ca;Ap #235-1273 Iaculis, St.;J88 6RJ;Mexico; $41.42 
Vincent Mullins;1-481-845-6527;at.fringilla@yahoo.edu;3308 Luctus. Road;FX93 0KX;France; $73.44 
Mariko Brock;(722) 137-7328;sed.pede.cum@aol.edu;6916 Penatibus Street;18696;China; $90.60 
Tiger Eaton;(443) 541-8418;lacus.cras@google.net;169-7874 Duis Rd.;UC4 4SZ;Brazil; $58.13 
Lillith Mueller;1-568-284-2365;dui.in.sodales@google.couk;Ap #206-2170 Massa Av.;27454;Colombia; $47.38 
Nomlanga Miranda;(273) 217-3719;fusce.mollis.duis@google.ca;Ap #221-253 Nec St.;126422;Colombia; $85.53 
Stephanie Guzman;(401) 777-4372;donec.felis@protonmail.ca;172-3850 Fusce St.;911344;Germany; $17.34 
Ray White;(164) 691-5015;sit.amet@google.couk;205-871 Eleifend Rd.;2851;Italy; $60.17 
Lacy Ward;(830) 867-2425;placerat.velit@icloud.couk;8760 Aliquet Road;246416;Sweden; $93.06 
Noah Guy;1-854-741-2453;lorem.luctus.ut@google.net;7110 Massa Road;8800;Netherlands; $18.86 
Jasmine Pate;1-400-926-3343;ornare.lectus@aol.com;P.O. Box 960, 7644 Mi Rd.;13477;Nigeria; $51.05 
Stephanie Robles;(867) 485-7741;purus.gravida@google.com;Ap #174-3734 Metus Av.;35331-36842;Sweden; $21.19 
Leroy Preston;(374) 763-1977;vel.mauris@protonmail.ca;7463 Malesuada. Avenue;28423;Norway; $61.70 
Yetta Stevens;(422) 627-9758;tristique.aliquet.phasellus@protonmail.net;P.O. Box 819, 9601 Penatibus Ave;456294;United Kingdom; $85.63 
Mary Valencia;1-862-312-4463;arcu.iaculis.enim@google.couk;262-4333 Netus Road;B1B 8L3;Canada; $65.54 
Amela Gay;1-344-856-5742;ultricies.ligula@outlook.couk;Ap #686-9126 Dolor. Road;6764;United States; $22.00 
Aaron Quinn;(145) 116-7248;hendrerit.a.arcu@outlook.com;Ap #259-4797 Sodales Rd.;17580;Chile; $97.96 
Colt Guzman;1-732-353-9856;leo.in.lobortis@protonmail.couk;P.O. Box 652, 5941 Hendrerit Street;76755;Spain; $88.34 
Uriel Fletcher;(774) 876-6820;sit.amet.diam@yahoo.edu;365 Magna. St.;71443;China; $26.18 
Courtney Trevino;(635) 342-3620;nunc.sed@outlook.ca;Ap #610-4772 Venenatis Ave;501285;Turkey; $48.70 
Chandler Skinner;(674) 596-4306;lorem.eu@hotmail.couk;Ap #270-2503 Mauris Street;MJ2P 4MI;Brazil; $27.82 
Lisandra Key;1-354-806-3280;vitae.mauris.sit@yahoo.ca;Ap #955-5744 Quis Rd.;82138;Vietnam; $92.09 
Xandra Terry;(919) 749-9731;mauris@protonmail.couk;Ap #371-8004 Primis Road;44893;Indonesia; $10.51 
Blake Patrick;1-966-326-5669;massa.non@yahoo.edu;Ap #684-5402 Sed Rd.;1412;South Korea; $58.71 
Elliott Grimes;(816) 687-8515;risus.nunc@google.net;474-6577 Adipiscing Road;662357;China; $33.10 
Xander Walters;(947) 862-5655;vulputate.risus@google.com;118-8774 Urna Ave;784132;Costa Rica; $66.68 
Tatyana Townsend;1-274-388-6915;a.neque@outlook.couk;5184 Quis Avenue;72390;Poland; $5.89 
Danielle Santiago;1-297-577-7629;vivamus.euismod@outlook.com;6318 Libero St.;766231;Poland; $91.16 
Rama Lindsay;1-587-912-4803;mauris.sit@hotmail.org;P.O. Box 174, 7095 Egestas Road;52847;Chile; $99.75 
September Lane;(847) 823-3173;enim.mauris@outlook.ca;614-4010 Sodales Rd.;808135;Turkey; $18.20 
Prescott Baker;(770) 436-0144;per@hotmail.couk;3338 Eu, St.;8265;Germany; $16.93 
Camden Glover;1-222-331-4855;accumsan.convallis.ante@yahoo.com;Ap #601-6225 Euismod Street;675554;France; $95.50 
Asher Casey;1-776-371-3262;adipiscing.elit.aliquam@yahoo.couk;Ap #179-2604 Est Street;648701;Peru; $88.78 
Samuel Livingston;(334) 361-5011;augue.ut.lacus@google.org;867-5322 Ante Street;33931;France; $92.13 
Germane Rodgers;1-352-213-8164;mauris.vel@protonmail.edu;707-9222 A, Rd.;767259;Austria; $21.49 
Holmes Castillo;1-457-583-3215;rutrum.urna.nec@yahoo.org;P.O. Box 181, 4389 Suspendisse St.;7129;India; $48.80 
Marny Sargent;(952) 237-6313;in.faucibus.orci@google.net;543-1047 Arcu. Rd.;38716;Belgium; $58.05 
Zachary Lopez;1-876-104-4453;donec@outlook.com;Ap #211-2235 Leo. St.;36930;Spain; $17.97 
Alvin Miller;(389) 696-1237;ante.maecenas.mi@protonmail.org;Ap #963-9349 Natoque Ave;I4K 1V4;Spain; $20.20 
Zena Roberson;(786) 768-8726;nibh.vulputate.mauris@outlook.ca;9545 Sodales Street;4387;United Kingdom; $81.61 
Regina Dodson;(436) 431-9216;aliquam@yahoo.couk;Ap #776-2940 Nunc Avenue;576785;Belgium; $43.99 
Axel Lindsay;(646) 223-4812;nisi@aol.ca;Ap #663-128 Rutrum Ave;14956;Poland; $7.55 
Virginia Fry;(875) 387-3626;velit.sed@outlook.couk;337-2070 Nullam St.;5415;Belgium; $13.06 
Orson Mcfarland;(185) 985-8226;tortor.at@outlook.org;705-5395 Mauris Street;3354;Spain; $49.75 
Gavin Matthews;1-645-764-8442;sit.amet@outlook.couk;Ap #484-3691 Tempor, Street;64426;Chile; $9.66 
Kylynn Skinner;1-835-781-4187;tempus.eu@outlook.org;1176 Malesuada Avenue;79108;Peru; $83.94 
Chiquita Buck;1-264-437-4533;et.netus.et@outlook.org;1588 Vel, Av.;68676;Turkey; $56.25 
Valentine Mcintosh;(385) 959-4518;sit.amet.nulla@hotmail.couk;Ap #261-4119 Ac St.;52231;Canada; $6.74 
Mechelle Gross;1-873-611-2645;proin.sed@icloud.com;2934 Ultricies Rd.;64347;Sweden; $82.89 
Maggie Fletcher;1-685-946-7215;egestas.ligula@outlook.com;8219 Sagittis Av.;973369;Pakistan; $3.26 
Linus Evans;1-321-113-6619;tellus.aenean@google.net;2324 Duis St.;825767;Brazil; $38.33 
Julian Barrera;(882) 125-7518;libero.proin@hotmail.edu;Ap #570-469 Ligula. St.;953898;Indonesia; $2.42 
Imani Bernard;(381) 287-7453;nunc.sed@aol.org;Ap #264-3839 Pellentesque Rd.;594010;Australia; $28.39 
Lillian Turner;1-685-403-6159;consequat@protonmail.edu;227 Tincidunt, Avenue;478634;Poland; $84.38 
Jemima Garrison;1-744-359-3037;enim.nec@aol.ca;Ap #808-3617 In Ave;51118;Norway; $27.52 
Lacey Pitts;1-424-340-3176;orci.phasellus.dapibus@icloud.ca;489-3023 A, Avenue;1873;Austria; $92.61 
Brian Grant;1-871-713-3851;cursus@outlook.net;Ap #798-4821 Lectus. Road;50200;Austria; $28.14 
Guinevere Rodriquez;(111) 193-4182;morbi.accumsan.laoreet@aol.ca;Ap #177-5471 Odio Street;6747;France; $63.98 
Russell Wagner;1-756-984-8401;aliquet.vel@icloud.org;584-3996 Proin Street;3564;Mexico; $59.30 
Jarrod Dunn;(162) 561-4527;mi.tempor@google.com;P.O. Box 582, 3605 Augue. Street;NN8 2RX;Sweden; $80.24 
Dane Fernandez;1-641-654-0827;elit@google.ca;Ap #424-7641 Fringilla Street;80507;New Zealand; $61.57 
Malcolm Garrison;1-652-467-2614;volutpat.nulla@google.net;698-8047 Hendrerit Rd.;15169;Italy; $89.99 
Baxter Robles;(369) 871-6275;et.ultrices@google.org;2911 Odio. Av.;64848;Colombia; $53.64 
Merrill Farley;1-553-562-4644;nunc.ut.erat@icloud.ca;720-2748 Sit Ave;7513;United States; $5.13 
Chloe Morse;(517) 638-7550;eu.tellus.eu@icloud.org;166-8614 Amet Road;8158;Pakistan; $9.94 
TaShya Miles;(864) 413-7181;nunc@hotmail.ca;379-5713 Elit, Road;7212;Nigeria; $89.00 
Kimberley Nguyen;(785) 142-9385;suspendisse.aliquet@protonmail.couk;P.O. Box 242, 6671 Proin Ave;3260;Turkey; $35.00 
Darrel Olsen;1-315-492-6227;pede.et@hotmail.com;3763 Mi Rd.;3196;Netherlands; $6.75 
Briar Ingram;1-575-748-2820;et.netus.et@yahoo.edu;Ap #285-703 Donec St.;17245;United States; $63.08 
Carlos Larsen;1-755-430-7158;luctus@protonmail.edu;804-6223 Sem St.;56325;New Zealand; $84.28 
Vera Norton;(485) 146-6849;gravida.aliquam.tincidunt@aol.com;6788 Etiam St.;C5 2FL;France; $86.13 
Priscilla Barrett;(694) 326-3919;pede.ultrices@aol.net;695-9735 Felis, Ave;3480;Spain; $11.22 
Aladdin Cook;1-619-482-1261;non.ante@google.edu;236-858 Curae St.;644202;Spain; $84.04 
Caryn Leach;1-413-596-1441;eros.nec@hotmail.com;2694 Ipsum. Street;390544;Costa Rica; $63.13 
Eric Phelps;(852) 824-2258;lorem.ipsum.dolor@icloud.edu;243-2815 Et Ave;2050 VH;Colombia; $28.41 
Marsden Rice;1-981-786-2653;non.cursus@yahoo.org;Ap #714-5408 Lobortis Rd.;31509;Norway; $92.49 
Nicholas Osborne;1-226-352-6821;ligula.aliquam@aol.couk;9187 Rhoncus. Road;11781;Poland; $72.36 
Jolene Finch;(838) 800-5657;suscipit.est@hotmail.org;432-7139 Malesuada Avenue;3593;China; $97.77 
Martina Horton;(804) 812-7569;mauris.id@aol.com;Ap #979-7741 Enim. Street;8855;Pakistan; $84.99 
Macey Bean;(590) 391-6866;mauris.suspendisse@outlook.org;153-5923 Ac Av.;R1E 2K4;Germany; $95.72 
Louis Stone;(931) 935-8557;neque.nullam@icloud.ca;P.O. Box 530, 8517 Ut Road;17308;United Kingdom; $84.06 
Chastity Sloan;(578) 308-6433;non.nisi.aenean@yahoo.edu;Ap #723-7393 Cras Avenue;b7V 4M9;Austria; $24.15 
Abbot Macdonald;1-213-816-2784;quis.urna@google.com;Ap #837-6580 Egestas. Ave;6178;India; $12.53 
Slade Phillips;(313) 262-8970;nam@yahoo.edu;Ap #621-1415 Non Road;51242;Sweden; $76.06 
Colin Page;(219) 821-7248;lacus.varius@google.couk;5739 Dapibus Ave;255256;Ireland; $99.54 
Jayme Gallagher;1-384-643-3103;eu.metus.in@aol.couk;381-8965 Id St.;51654;India; $86.88 
Neil Guerrero;1-864-495-8136;at.auctor@yahoo.net;Ap #209-9173 Aenean Street;54-288;Poland; $62.00 
Garth Spencer;(993) 463-3875;adipiscing.mauris@icloud.edu;P.O. Box 205, 2929 Ut Road;334157;Sweden; $76.32 
Kim Dale;(438) 806-3582;parturient@icloud.com;Ap #933-6063 Nisl St.;5167 HS;Poland; $15.09 
Ralph Shelton;1-286-525-9728;sit.amet.dapibus@outlook.org;Ap #811-2810 Ipsum. Rd.;9449;Netherlands; $40.96 
George Barnett;1-285-643-3675;ac.turpis@hotmail.net;108-8892 Fringilla Street;1463;Mexico; $66.74 
Aaron Young;1-696-242-6484;semper.auctor@protonmail.couk;4903 Purus. Road;4250;France; $23.54 
Tanya Vazquez;1-569-638-6481;erat.semper.rutrum@outlook.com;P.O. Box 333, 9614 Integer Avenue;44274;Sweden; $16.56 
Clark Myers;(551) 207-3732;vel@hotmail.org;P.O. Box 170, 9147 Et, St.;318767;South Korea; $94.30 
Carissa Head;1-949-427-6672;laoreet.libero@outlook.net;P.O. Box 555, 9532 Iaculis Ave;69743;Mexico; $90.58 
Adam Gilmore;(763) 720-6336;ut.tincidunt.vehicula@google.net;P.O. Box 509, 9376 Rutrum Av.;08412-58433;Poland; $50.03 
Carolyn Summers;1-221-179-3111;enim.sed@outlook.ca;327-2540 Blandit Rd.;423253;Chile; $80.30 
Kevyn Cline;1-842-732-9486;malesuada.vel.venenatis@outlook.org;P.O. Box 866, 7803 Diam. Av.;T4T 4H5;Brazil; $37.01 
Charles Farley;1-218-987-6968;fusce.fermentum@icloud.org;Ap #610-2000 Aliquam St.;08163;Colombia; $72.46 
Elliott Day;1-964-643-9558;mauris.sit@protonmail.couk;201-3098 Felis Avenue;5640;Ireland; $43.31 
Alexander Mathis;1-503-170-5505;ut.nisi@hotmail.com;537-1196 Velit. St.;724604;France; $34.86 
Perry Ortega;1-936-594-5996;libero.proin.sed@hotmail.org;Ap #170-3681 Vel, Rd.;844684;Spain; $63.98 
Wynne Morgan;(912) 895-6665;lacus.mauris@icloud.com;Ap #570-2095 Cras St.;1616;Chile; $59.69 
Dai Foreman;(308) 789-3422;at.nisi.cum@outlook.couk;437-6123 Cras St.;98757;Russian Federation; $59.39 
Britanney Erickson;(158) 321-1867;metus@hotmail.couk;Ap #628-5256 Augue St.;35345621;Poland; $47.12 
Hope Alford;1-274-853-2247;sagittis.semper.nam@google.couk;Ap #889-7592 Malesuada Av.;742595;France; $44.14 
Bruno Mclaughlin;(916) 516-6489;pharetra@google.org;Ap #680-4784 Consectetuer, Ave;44510;Mexico; $32.58 
Mannix Ferrell;1-663-842-8233;semper.erat.in@yahoo.com;6110 Amet, Road;43067;Chile; $22.68 
Jordan Tyler;(433) 413-8177;turpis.non@icloud.org;Ap #625-6506 Malesuada. Av.;32671-28472;Costa Rica; $13.32 
Paki Haney;(570) 965-7673;nulla.interdum@protonmail.net;P.O. Box 725, 1190 Fermentum Ave;52665-163;Germany; $68.84 
Ross Summers;1-423-671-8853;lacus@icloud.com;7427 Id, St.;444541;Poland; $55.07 
Cathleen Donovan;1-732-510-0145;maecenas.ornare@protonmail.com;140-1232 Morbi Rd.;9673;Ireland; $35.26 
Violet Rocha;1-766-758-9396;magna.malesuada@protonmail.ca;106-9768 Proin Ave;24926;United States; $75.18 
Dane Fowler;(515) 422-2114;a.felis.ullamcorper@hotmail.com;Ap #755-9353 Turpis Avenue;65165-084;Poland; $46.90 
Renee Mcclure;1-867-558-9889;lacinia@hotmail.edu;660-8878 Tincidunt. Avenue;980933;United States; $81.58 
Madeline Farrell;1-699-738-3415;cras.eget.nisi@google.org;793-4964 Tellus Street;53702;Italy; $90.63 
Yoshi Ryan;1-816-863-2460;gravida.non@protonmail.org;489-7651 Cursus Ave;T4P 0Y7;Peru; $4.96 
Kylan Delaney;(373) 564-4562;fringilla@icloud.couk;P.O. Box 203, 696 Feugiat. Ave;290563;Turkey; $61.64 
Ulric Duke;(564) 649-7525;enim.sed@yahoo.edu;Ap #116-4600 Non, St.;522364;China; $90.09 
Wade Livingston;(765) 691-2439;sed.facilisis.vitae@google.ca;Ap #905-1498 Ac Avenue;28782;Spain; $25.77 
Maia Shepard;(658) 451-7656;molestie.arcu@outlook.ca;577 Vivamus Street;23224;Brazil; $54.13 
Xander Garner;1-253-997-6789;aliquam.tincidunt@protonmail.couk;540-4790 Eget Avenue;832538;Peru; $49.57 
Dexter Koch;(466) 805-3886;mi.fringilla@aol.org;P.O. Box 141, 7166 Rutrum Rd.;S7J 2T9;Turkey; $99.91 
Tanek Hahn;1-643-799-2523;non@icloud.couk;503-6503 Ultrices Rd.;1968;Brazil; $95.13 
Aphrodite Hood;(378) 296-1263;auctor.odio@aol.edu;315-3964 Vel, Rd.;02238;Costa Rica; $58.37 
Hayfa Hardin;1-534-445-1126;pretium.neque@google.com;508-8846 Nec, St.;12762;Norway; $1.66 
Mufutau Cameron;1-652-214-5522;donec@hotmail.com;Ap #675-9778 Ligula St.;626771;Chile; $23.44 
Georgia Weaver;(767) 534-5757;curae@protonmail.org;315-8611 Consectetuer Street;0253 KK;Chile; $58.99 
Lev Savage;(737) 553-7124;cras@google.org;P.O. Box 823, 8628 Non St.;13851;Vietnam; $15.11 
Lisandra Colon;1-759-485-6634;vitae.erat.vivamus@protonmail.ca;463-5144 Vehicula. Ave;727435;Costa Rica; $11.40 
Donovan May;1-348-852-8272;sit.amet.nulla@outlook.edu;Ap #363-1202 Tincidunt Road;40706;Austria; $61.77 
Cody Quinn;(736) 758-1325;amet.lorem@icloud.org;Ap #402-7678 Aenean Avenue;4616 DV;Mexico; $79.02 
Robin Pace;(870) 618-4562;ante.nunc@outlook.ca;177-390 Gravida. Ave;0481 NY;Brazil; $64.00 
Aretha Walter;1-787-857-8738;tempor.est.ac@aol.net;6700 Nec, Street;6274;Sweden; $70.99 
Chava Holland;1-503-576-9556;orci@yahoo.ca;317-225 Suspendisse Street;5418;Costa Rica; $0.36 
Callum Mcpherson;1-973-152-1452;duis.dignissim@google.couk;852-1885 Lobortis Road;58363-055;Vietnam; $99.28 
Lee Britt;(326) 354-7952;curabitur@aol.org;Ap #399-8682 Risus. Road;434162;Austria; $7.41 
Oliver Vinson;1-387-486-2175;ullamcorper@outlook.org;959-1550 Tellus. Avenue;5621;Norway; $48.23 
Lydia Little;(692) 274-5468;nec@hotmail.com;753-4250 Semper Street;628342;Poland; $79.45 
Deirdre Forbes;(945) 458-5229;ante.lectus@google.couk;Ap #779-6070 Nibh St.;461158;Netherlands; $12.57 
Lee Knapp;1-321-882-1052;aliquam.nisl@outlook.ca;Ap #646-6664 Amet Avenue;223310;Brazil; $16.16 
Brittany Cruz;(484) 487-6166;id@protonmail.net;P.O. Box 149, 7845 Ut Avenue;11303;Sweden; $44.25 
Tasha Bruce;1-387-425-5343;vel.pede@aol.edu;213-3043 Natoque Ave;5257;Ireland; $17.42 
Calvin Campos;1-885-776-8711;morbi.accumsan@protonmail.net;P.O. Box 561, 9485 Quisque Ave;295745;Ireland; $25.67 
Elizabeth Ferguson;1-523-488-1003;dolor.dolor.tempus@icloud.net;798-4308 Mauris St.;33624-15173;Costa Rica; $1.17 
Hamish Shepherd;1-769-493-1294;aliquam@google.ca;Ap #124-5510 Semper Rd.;341584;Peru; $57.34 
Bertha Owens;1-835-445-2425;augue.ut.lacus@yahoo.edu;Ap #308-8266 Sit Road;65664-862;Colombia; $72.80 
Giacomo Rice;(462) 208-1536;hendrerit.a.arcu@google.ca;P.O. Box 761, 3350 Facilisis Avenue;630574;United States; $83.88 
Unity O'Neill;(911) 364-9847;et.magnis@google.org;P.O. Box 605, 3567 Vitae St.;2546;Colombia; $8.91 
Caldwell Ingram;1-132-364-2483;inceptos.hymenaeos@aol.couk;671-5179 Auctor Road;68661;Peru; $16.53 
Giacomo Howe;1-635-683-8881;turpis@google.edu;1346 Tempus, St.;5733;France; $82.40 
Christine Michael;(291) 782-3978;ultrices@hotmail.edu;Ap #485-8336 Ante Street;20360-66678;India; $44.51 
Arsenio Lancaster;(817) 964-4095;arcu.imperdiet.ullamcorper@icloud.net;Ap #990-8713 Tortor. Rd.;2693;Peru; $87.69 
Ivory Daugherty;(973) 767-7805;cras.eu.tellus@google.com;9812 Sit St.;0805;Peru; $75.78 
Marvin Koch;(688) 821-7990;sapien.cras@yahoo.org;932 Nunc Rd.;C6T 5XN;Vietnam; $45.83 
Price Olson;1-281-413-2366;elit.fermentum@icloud.couk;417-1724 Sed Ave;2755;Costa Rica; $83.52 
Chase Weaver;1-481-453-2788;eget.laoreet.posuere@protonmail.com;P.O. Box 849, 7710 Ipsum. Rd.;156247;Russian Federation; $47.73 
Timon Barron;(430) 635-4657;nibh.aliquam.ornare@icloud.edu;P.O. Box 907, 182 Vel Road;468373;Canada; $55.44 
Remedios Harding;(691) 780-7551;ut@google.couk;105-8053 Odio St.;57657;France; $76.02 
Baker Velazquez;1-319-775-5361;nisi@yahoo.org;989-1996 Congue Avenue;0784;Vietnam; $40.63 
Cora Lane;(649) 577-2135;pellentesque@hotmail.org;P.O. Box 878, 5464 A, Street;87587;United Kingdom; $65.16 
Kadeem Porter;(848) 879-0827;ullamcorper@yahoo.org;249-1672 Nunc Street;S2M 4R1;Brazil; $49.12 
Harding Richards;(775) 297-3723;pede@google.net;7828 Cum Av.;16574;Belgium; $15.67 
Roanna Owens;1-717-626-4886;in.felis@hotmail.org;4412 Nibh. Rd.;02077;India; $70.66 
Mara Skinner;1-482-725-4736;sem@protonmail.org;P.O. Box 941, 1357 Mattis. Street;61048;Australia; $56.60 
Channing Riddle;(351) 570-6333;blandit.viverra@icloud.net;Ap #864-5612 Maecenas St.;3634;United Kingdom; $49.77 
Alfonso Roberson;(101) 378-1527;amet.ultricies@outlook.com;Ap #631-8976 Bibendum St.;99537;Vietnam; $44.52 
Iris Rich;1-685-433-7864;nam.tempor.diam@protonmail.org;9493 Quisque St.;827504;Australia; $61.56 
Christen Beach;1-210-441-6855;placerat@google.com;5557 Sed Street;92-527;Sweden; $76.07 
Sonia Bradshaw;(306) 887-2531;in.faucibus.orci@protonmail.org;P.O. Box 266, 7302 Magna. Ave;6215;Chile; $31.45 
Cassandra Orr;(292) 450-7819;orci@google.net;8922 Massa. Rd.;35833-60366;France; $47.05 
Daquan Harding;(716) 633-5546;aliquam.auctor@google.couk;Ap #219-9734 Justo Rd.;281282;Sweden; $33.87 
Wylie Shannon;1-648-685-4214;interdum@hotmail.ca;Ap #782-3606 Ut Av.;339589;United Kingdom; $30.01 
Armand Randall;(199) 223-7362;diam.at@yahoo.org;950 Velit Rd.;76-850;Germany; $29.90 
Camille Davenport;1-169-202-9227;viverra.donec.tempus@hotmail.ca;630-2883 Mattis Rd.;83804;United Kingdom; $72.73 
Chaney Hobbs;(538) 777-9161;convallis.ligula@protonmail.couk;430-5425 Non Rd.;2727;Canada; $59.00 
Illana Shields;(758) 501-7430;adipiscing.elit@google.net;Ap #862-8523 Nunc Road;3031;Norway; $38.53 
Delilah Clayton;(642) 828-6281;sociis@google.net;507-5269 Lobortis St.;41107;Costa Rica; $59.45 
Hakeem Kirby;1-306-328-2313;aliquam.arcu@icloud.couk;P.O. Box 553, 4538 Eu Street;7431;Vietnam; $63.13 
Lara Lucas;1-351-478-3376;vel@outlook.com;847-8029 Sed, Rd.;3821 UJ;New Zealand; $67.41 
Athena Boyer;(887) 799-3210;fringilla.euismod@google.net;P.O. Box 331, 8050 Pede. Avenue;53358;Vietnam; $32.74 
Mufutau Hammond;(977) 172-1784;facilisis.eget@protonmail.ca;Ap #883-5208 Dui Avenue;515138;Indonesia; $69.64 
Bradley Haynes;(513) 211-2348;ultrices@aol.net;2552 Curabitur Road;41418;Peru; $97.87 
Hanna Sargent;(636) 613-5229;ac.tellus@hotmail.net;P.O. Box 462, 172 Erat St.;X1L 3EK;New Zealand; $75.80 
Farrah Kemp;1-772-808-7348;iaculis@hotmail.com;Ap #513-2475 Lectus Avenue;QY40 2FQ;Costa Rica; $37.41 
Preston Bernard;(384) 718-5588;libero.donec.consectetuer@icloud.org;5008 Nascetur St.;8637 IM;Austria; $86.75 
Vernon Mcfadden;1-375-125-2674;ac.mattis@protonmail.net;557-1619 Diam Av.;7865;France; $93.81 
Kirsten Myers;1-782-798-0543;magna@yahoo.edu;493-8073 Malesuada. Rd.;2942;Sweden; $2.70 
Patience Irwin;1-187-294-5587;ac@icloud.couk;Ap #342-2531 Risus. St.;11238-61853;Vietnam; $50.54 
Maggy Dawson;(278) 123-5730;porttitor.tellus@google.edu;6798 Aliquet Street;24475;Austria; $95.28 
Guy Thornton;1-696-962-6663;nam.tempor@outlook.ca;825-3873 Fringilla Street;358867;Colombia; $47.18 
Upton Matthews;(539) 882-3712;vel.faucibus@outlook.com;Ap #798-4310 Non Avenue;156522;Netherlands; $9.56 
Quemby Baker;1-851-583-6217;adipiscing.lobortis.risus@yahoo.net;Ap #135-3272 Convallis Road;7657;Colombia; $80.84 
Lacota Santana;(756) 444-3144;aliquam.nec@aol.net;P.O. Box 881, 8636 Dis Road;J50 2IV;Costa Rica; $51.74 
Josiah Mitchell;(818) 121-1678;et.malesuada@protonmail.ca;Ap #307-688 Cursus. Avenue;Y0T 5X0;South Korea; $16.00 
Camille Robles;(896) 522-9037;elit@protonmail.com;433-3245 At, Street;30185;Costa Rica; $18.01 
Orlando Richard;1-675-258-6168;vitae.erat.vivamus@icloud.net;150 Ipsum. Avenue;747581;Norway; $46.26 
September Wilder;1-566-777-5064;magna.a@outlook.couk;Ap #848-6275 Magna. St.;324165;Indonesia; $16.35 
Zena Harrell;(642) 727-4811;metus.facilisis@yahoo.ca;P.O. Box 166, 4100 Ac Road;943542;Poland; $64.83 
Murphy Hebert;(216) 532-5422;sed.pede@icloud.com;658-9473 Cras St.;11307;France; $39.99 
Shelley Fleming;1-405-810-3254;a@yahoo.net;Ap #400-5230 Aliquam Street;80252;Poland; $95.88 
Angelica Hunt;1-455-202-8755;facilisis.magna@aol.couk;Ap #314-7229 Iaculis St.;6676 JE;Belgium; $93.72 
Patrick Gutierrez;1-936-813-2160;aliquet.odio@icloud.org;Ap #471-4722 Non Avenue;41491;Indonesia; $31.47 
Denton Warner;(692) 218-3061;iaculis.quis@yahoo.org;3906 Vestibulum Avenue;38673;India; $24.42 
Adrienne Garcia;(731) 754-2442;id.nunc@yahoo.ca;308-8988 Duis Av.;8724;France; $21.97 
Ava O'brien;1-773-677-6598;erat@icloud.org;918-4530 A, Av.;180446;Ireland; $36.60 
Dexter Tate;(457) 583-1433;purus.accumsan.interdum@protonmail.couk;Ap #671-5998 Eu Road;28456-32219;South Korea; $80.48 
Michelle Phelps;1-254-622-9883;proin.nisl@icloud.org;6624 Adipiscing. Avenue;3052;France; $44.37 
Malachi Sharp;1-778-871-9425;lacinia.mattis.integer@aol.com;235-6699 Pulvinar St.;22327;Indonesia; $27.61 
Adam Gardner;1-424-320-6158;non@google.net;5637 Augue Ave;08538-49818;Mexico; $84.55 
Brian Calderon;1-555-814-3673;hendrerit.a@protonmail.org;P.O. Box 855, 5153 Quis, Road;5110;United States; $88.59 
Erica Houston;(226) 641-6123;dolor.donec@icloud.net;P.O. Box 235, 6244 Iaculis Av.;1573;India; $17.47 
Bree Day;(186) 637-7543;eu.ligula@aol.edu;409-6761 Arcu. St.;58155-362;Ireland; $92.78 
Mechelle Lyons;(167) 640-2184;at@aol.org;Ap #851-3362 Turpis St.;56156;Peru; $60.07 
Isaiah Poole;(450) 667-6066;amet@protonmail.net;2020 Bibendum. St.;4282 IF;Germany; $27.20 
Fay Hawkins;1-989-588-7767;sed.pede@hotmail.org;Ap #283-6280 Luctus St.;3642;Nigeria; $84.71 
Neville Pugh;(264) 413-1874;donec.tempor@yahoo.ca;5295 Sem St.;7715;Pakistan; $99.70 
Rooney Ward;(214) 652-4509;lorem.donec.elementum@outlook.edu;Ap #424-3202 Mi, Rd.;185144;Germany; $35.00 
Griffith Faulkner;(932) 445-1443;pede.nonummy.ut@outlook.com;579-8953 Nisl. Road;670844;Peru; $79.33 
Sawyer Guy;(512) 886-8631;luctus@google.edu;697-8097 Tincidunt Avenue;38854;Turkey; $24.91 
Cailin Miller;1-399-956-3764;in.hendrerit@google.edu;P.O. Box 128, 1068 Purus. St.;85151;Netherlands; $79.20 
Molly Stevens;1-617-684-2254;non.massa@aol.org;702-8919 Donec Road;36937;Vietnam; $76.44 
Mari Hester;(385) 215-0134;ante.blandit@hotmail.edu;Ap #204-2159 Arcu Road;388245;Vietnam; $52.03 
Wynne Villarreal;1-858-912-8579;nam@yahoo.edu;Ap #798-4969 Nec, St.;23742;Netherlands; $33.53 
Mikayla Rasmussen;(952) 895-6822;ornare.egestas@hotmail.org;568-2429 Cubilia Av.;954141;Sweden; $41.97 
Jarrod Valenzuela;1-644-585-2534;aenean.gravida@icloud.ca;P.O. Box 111, 3681 Luctus Rd.;32733;Brazil; $53.91 
Raya Aguilar;(574) 276-7498;fermentum.convallis@yahoo.com;671-1543 Blandit St.;82611;Canada; $96.85 
Kylynn Mcclain;1-836-644-2362;vulputate.nisi@google.net;P.O. Box 542, 7951 Cras Rd.;793773;Sweden; $59.35 
Roth Moss;(741) 388-8424;magna.suspendisse@protonmail.edu;562-401 Turpis St.;6274;Germany; $26.95 
Donovan Daugherty;(564) 249-7145;aenean.sed@outlook.couk;Ap #232-8356 Sem, Rd.;74265;Brazil; $94.56 
Victor Mcdowell;1-710-642-1520;parturient.montes@aol.ca;Ap #177-2934 Vivamus St.;34120;Turkey; $29.68 
Cade Cox;1-934-776-5641;neque.vitae@icloud.couk;143-6247 Semper Av.;455474;Vietnam; $23.08 
Paula Osborne;(406) 885-1493;vulputate.eu@hotmail.com;205-4144 Nullam Road;54105;South Korea; $98.41 
Eric Wyatt;1-783-733-2201;nisl@protonmail.net;1531 Aliquet Road;0784;Austria; $27.40 
Kamal Cohen;(789) 295-8123;suspendisse.commodo@google.ca;P.O. Box 904, 3532 Eu, Rd.;19752;Pakistan; $22.55 
Dorothy Atkins;1-552-521-7127;quis.diam@aol.edu;Ap #927-4055 Arcu Rd.;464193;Turkey; $10.43 
Avye Hurley;1-547-483-5674;augue.sed@yahoo.ca;P.O. Box 685, 2315 Lectus Av.;88364;Italy; $89.50 
Brendan Sparks;1-881-128-4337;id@icloud.edu;4622 Nam Avenue;15073;Poland; $9.79 
Regina Ellison;(289) 481-6458;laoreet@protonmail.net;Ap #116-9257 Sollicitudin Avenue;7284;New Zealand; $29.03 
Murphy Valentine;1-729-845-0662;donec@google.net;P.O. Box 396, 2479 Est Street;0642;Spain; $94.26 
Larissa Hardy;(175) 480-4724;cras@icloud.com;Ap #649-1481 Etiam Rd.;45056;Turkey; $94.67 
Whoopi Alvarado;(206) 762-3032;pellentesque.eget.dictum@protonmail.edu;Ap #761-8009 Lorem, Rd.;514724;Netherlands; $92.32 
Yvonne Flowers;1-829-485-1213;gravida@outlook.net;124-3653 Nec Ave;5518 WC;Vietnam; $47.40 
Gemma Lott;1-370-601-2647;eu.nibh.vulputate@google.couk;7219 Aliquet St.;823818;Russian Federation; $84.21 
Brittany Buckner;(821) 288-4085;libero@protonmail.org;P.O. Box 307, 5323 Ornare. Ave;34427;Spain; $91.89 
Jerome Clark;1-796-434-8194;auctor.non@icloud.couk;267-8956 Libero. Av.;0286;Norway; $45.62 
Chantale Hood;1-327-634-2814;aliquam.auctor@hotmail.ca;466-8454 Cras Rd.;34838;Netherlands; $98.79 
Harrison Cooper;(286) 231-4440;interdum.libero@google.edu;8217 Interdum Street;606178;Austria; $57.75 
Scott Mcdonald;(900) 486-2455;iaculis.lacus.pede@aol.net;Ap #691-6667 Imperdiet Rd.;4732;Colombia; $21.94 
Alvin Hoover;(541) 326-2729;dolor.dapibus@hotmail.org;Ap #770-2944 Lectus Road;62563;United Kingdom; $96.90 
Dahlia Torres;(643) 482-4047;erat.volutpat@hotmail.edu;313-1670 Ligula. St.;8648;Colombia; $62.75 
Forrest Gray;(569) 582-3902;magnis@hotmail.net;Ap #246-1971 Torquent Road;3178;Mexico; $21.88 
Amity Moore;1-846-117-3513;urna.nullam@google.com;Ap #868-7627 In Avenue;22268-323;Indonesia; $77.17 
Lysandra Bartlett;1-887-471-5615;porttitor.vulputate.posuere@yahoo.couk;389-3940 Curabitur St.;17-128;Mexico; $57.45 
Arden Hatfield;1-684-355-3927;vivamus.nisi@aol.org;P.O. Box 576, 842 Blandit Av.;4588;Turkey; $28.88 
Sybil Hewitt;(828) 552-4463;non.lorem.vitae@google.edu;578-8817 Dui. Av.;81-554;Costa Rica; $92.95 
Violet Summers;1-771-985-8418;et.magnis@icloud.com;P.O. Box 270, 5648 Ornare Street;27878;Costa Rica; $12.67 
Odette Chapman;1-265-647-4023;nisl.arcu@hotmail.org;282-4140 Et, Av.;15593;Canada; $84.01 
Kalia Barr;1-384-649-6994;enim.sed.nulla@icloud.ca;Ap #865-7903 Sed St.;40240;United States; $47.23 
Adrian Chaney;1-655-712-6171;diam.dictum@aol.edu;Ap #689-3665 Morbi Street;2415;Netherlands; $35.45 
Xaviera Palmer;1-756-332-7191;sit@outlook.couk;Ap #283-1497 Pede, Avenue;47599;Pakistan; $25.00 
Nathan Jefferson;(745) 325-3738;molestie.in@aol.com;3280 Lobortis Ave;367111;Peru; $52.27 
Samson O'Neill;(915) 478-5002;massa@yahoo.edu;481-9701 Ipsum Avenue;68328-31777;Canada; $63.06 
Keelie Marshall;1-407-797-7542;non.dui@hotmail.com;3832 Luctus Avenue;102187;Netherlands; $95.48 
Zane Armstrong;1-825-477-2717;pellentesque.ultricies@google.ca;715-8830 Vitae Rd.;89855-423;Australia; $22.59 
Clayton Parsons;1-435-585-3643;morbi.tristique.senectus@yahoo.org;Ap #754-3644 Urna Rd.;R2T 5S8;Mexico; $57.44 
Bertha Schneider;1-643-648-7751;tellus.imperdiet.non@aol.org;903-4770 Urna St.;3228;Pakistan; $33.19 
Lois Holloway;1-174-726-4174;morbi.non@aol.org;9406 Fringilla Rd.;4725;Sweden; $67.66 
Debra Wolfe;(845) 732-5850;at@protonmail.couk;172-6117 Netus Rd.;63793;Colombia; $35.95 
Galvin Wilder;(171) 438-6619;phasellus.nulla@icloud.com;3821 Nullam Ave;665928;Turkey; $32.18 
Abraham Gilmore;1-455-643-6449;egestas@icloud.ca;Ap #739-4052 Et Avenue;36627;China; $72.06 
Gary Hess;(377) 317-8274;commodo.ipsum@protonmail.ca;P.O. Box 370, 1648 Mattis Road;35311;Costa Rica; $76.50 
Kylynn Massey;1-228-611-5619;laoreet.ipsum@protonmail.ca;204-5909 Rutrum. Road;2352;Australia; $85.26 
Lareina Hawkins;1-380-772-8377;mauris@protonmail.ca;129-2259 Gravida St.;554436;Colombia; $38.82 
Sara Guy;1-127-532-8790;cursus.purus.nullam@outlook.couk;4975 Augue Av.;A5W 4E6;Austria; $34.52 
Lillian Pennington;1-765-357-2758;suspendisse.eleifend@hotmail.com;P.O. Box 878, 2474 Dapibus Avenue;25617;Turkey; $25.64 
George Poole;1-438-842-7322;urna.nunc.quis@aol.org;1099 Neque Road;1457;Ireland; $59.18 
Lesley Mcclure;(810) 484-7688;purus@yahoo.org;6316 Libero Rd.;9683;Germany; $16.55 
Brenna Mcfadden;1-533-361-9127;amet.massa@outlook.com;163 Etiam St.;693763;Indonesia; $91.09 
Mona Lambert;1-443-645-1538;est.ac@outlook.edu;P.O. Box 895, 1359 Libero Ave;384126;Poland; $27.80 
