id,nombre,direccion,cif,telefono,email
1,Harvey and Sons,7 Anhalt Drive,60760-512,953-880-6822,tbirtwisle0@engadget.com
2,"Orn, Rowe and Dickinson",7088 Vermont Alley,0093-4822,228-953-2969,pcatonne1@indiegogo.com
3,Bednar LLC,531 West Way,68647-207,352-617-1605,amcanalley2@salon.com
4,Block-Doyle,3 Kingsford Lane,0268-0889,281-454-7197,ftomet3@goo.ne.jp
5,"Cruickshank, Schowalter and Blick",7571 Mcbride Avenue,36987-1308,928-244-2238,nkolak4@go.com
6,"Cartwright, Dicki and Hackett",0 Stone Corner Way,0615-7704,717-905-6699,dadin5@statcounter.com
7,Ondricka-Kling,07505 Northridge Street,10481-3008,353-141-5002,sgregoli6@webeden.co.uk
8,Gerhold LLC,7448 Melody Terrace,67046-467,452-780-6133,cbiasotti7@admin.ch
9,McClure Group,1 Sutherland Lane,0135-0510,866-116-2024,rrubee8@cornell.edu
10,"Treutel, Reilly and Medhurst",03 Trailsway Junction,0904-2011,738-174-9890,lbarns9@harvard.edu
11,"Gislason, Leffler and Rice",4 Killdeer Drive,66336-214,632-119-7307,smollera@barnesandnoble.com
12,Connelly-Christiansen,25 Merrick Place,34690-3001,791-187-8079,amapstoneb@apple.com
13,Zulauf and Sons,15574 Eagle Crest Court,53345-018,516-919-6713,rethertonc@ca.gov
14,"Raynor, Stroman and Welch",8 Marcy Court,49035-531,660-161-1178,bmuird@sphinn.com
15,Lynch-Moen,06 Stoughton Hill,55154-0132,702-198-4311,asturdeye@vimeo.com
16,"Robel, Lehner and Hudson",111 Pierstorff Parkway,55154-2677,765-746-1032,surenf@cisco.com
17,"Feest, Cronin and Lindgren",81244 Sherman Place,36800-407,596-795-1911,tlippinig@stanford.edu
18,Feeney Inc,5410 Cambridge Crossing,55154-8270,799-381-7017,gsteelsh@fotki.com
19,Hyatt LLC,72419 Namekagon Junction,35356-839,283-319-3225,jtophami@typepad.com
20,Langosh-Beatty,002 Fairfield Drive,63691-007,150-623-9820,jduigedj@phpbb.com
21,Purdy-Torphy,63 Elmside Way,66116-346,182-657-6182,jarnollk@usda.gov
22,Hansen-Runolfsson,91 Elgar Alley,0019-9120,991-594-4694,gmeridal@uiuc.edu
23,VonRueden-Ratke,90832 Bobwhite Center,13630-0018,359-777-4628,cupshallm@gravatar.com
24,Jakubowski-Dooley,842 Hanson Pass,65954-047,416-340-6635,mcasirolin@mozilla.com
25,Mills Group,503 Washington Crossing,0597-0018,723-274-7828,aandreopoloso@ocn.ne.jp
26,Jast and Sons,548 Mariners Cove Place,23155-010,168-572-9985,dseppeyp@patch.com
27,"Hirthe, Nolan and Wilderman",730 Macpherson Hill,68151-3792,817-553-4748,igreydonq@economist.com
28,Medhurst LLC,9 Eggendart Circle,0179-0127,739-944-6689,tcollissr@intel.com
29,"Murray, Walker and Bechtelar",9 Talmadge Pass,10191-1569,460-684-3497,esuches@amazon.com
30,Heaney-Anderson,2 Esker Court,16714-373,433-247-8262,rgawlert@chronoengine.com
31,"Berge, Muller and Johnson",1 Cambridge Road,0185-7322,490-914-7862,bglenwrightu@free.fr
32,Zboncak-Rolfson,26616 Bellgrove Parkway,30142-136,111-355-7632,rkitsv@tmall.com
33,"Robel, Schiller and Spencer",766 Raven Road,23155-168,632-684-0829,hraymentw@webeden.co.uk
34,Morissette Group,123 Bartelt Park,60505-0187,872-963-9563,lwhaymanx@huffingtonpost.com
35,"Deckow, Wyman and Macejkovic",752 Waywood Circle,0069-4310,870-983-0661,wsydey@go.com
36,Russel-Lang,79629 Norway Maple Street,50436-5559,958-735-7783,rgionettittiz@delicious.com
37,Lehner-Bernhard,4885 Springview Pass,0615-3562,943-396-5692,cparadis10@skype.com
38,Mohr-Hudson,3 Farmco Center,36987-2408,672-767-0662,mhanley11@jimdo.com
39,Macejkovic-Nader,71 Sutteridge Hill,55413-2501,238-696-0110,adegg12@wikipedia.org
40,DuBuque LLC,3 Ramsey Point,0555-1056,868-873-6474,bduffyn13@cnn.com
41,Hermann-Graham,1270 Stone Corner Point,0054-3177,206-135-2110,dleaburn14@bing.com
42,Tromp-Wuckert,6834 Sachs Court,42507-090,390-445-9420,bskurm15@yahoo.com
43,O'Keefe Group,13612 Ruskin Point,55154-7807,461-258-1714,ruden16@nature.com
44,Schaden-Leannon,4 Cardinal Junction,49288-0027,685-811-1606,atresvina17@ebay.com
45,"Jenkins, Ledner and Reynolds",84928 Lake View Park,0093-8342,684-105-5337,tchaize18@foxnews.com
46,Mante Group,35626 Clemons Hill,52125-376,365-653-1187,inaptine19@java.com
47,Farrell and Sons,955 Anderson Circle,54868-4928,226-540-1356,bludgrove1a@phoca.cz
48,"Wiegand, Jenkins and Bartell",8573 Shasta Pass,0781-2263,672-855-4512,gkemson1b@qq.com
49,"Keebler, Schultz and Lakin",20 Golf View Court,66467-2001,870-443-9131,cmcphail1c@rediff.com
50,Schumm Inc,90 Susan Drive,0363-0417,650-628-2717,gstienton1d@bravesites.com
51,Pagac-Ward,7170 Hanson Drive,63776-320,840-777-4310,jbridgestock1e@ezinearticles.com
52,Feeney and Sons,2 Montana Alley,64764-510,145-663-9436,kpickwell1f@blogger.com
53,Borer-Ankunding,8070 Jackson Terrace,0904-6341,694-598-6049,mmerida1g@etsy.com
54,"Botsford, Rosenbaum and Rice",4509 Elka Court,0615-6590,343-727-5962,amilner1h@china.com.cn
55,Dietrich Inc,03266 Toban Park,55312-281,445-392-6220,tluty1i@exblog.jp
56,Bednar LLC,864 Burrows Court,50436-9029,993-740-5452,cbleakley1j@reference.com
57,Schumm Inc,486 Jana Hill,36987-2706,714-613-9720,mmassen1k@baidu.com
58,McKenzie Inc,273 Harbort Park,63029-629,845-264-5352,icalveley1l@51.la
59,Wiegand and Sons,2 Mallard Circle,51514-0220,856-106-4052,cchree1m@photobucket.com
60,"Heathcote, Windler and Collier",41 Harper Avenue,66993-161,873-969-9300,nholmyard1n@artisteer.com
61,Gleichner Group,7 Hintze Plaza,68462-246,433-485-2616,cwylder1o@pbs.org
62,Schmeler-Lemke,88 3rd Hill,52815-124,159-320-0790,chamberstone1p@marketwatch.com
63,Kozey Inc,27674 Springs Way,76450-050,341-657-1872,btoplin1q@usa.gov
64,"Runolfsson, Balistreri and Upton",9 Debra Center,65044-1172,963-121-9400,amoriarty1r@aol.com
65,Conn Inc,6 Union Point,13537-265,973-558-7170,tosesnane1s@unc.edu
66,"Altenwerth, Lueilwitz and Kulas",393 Hazelcrest Drive,65028-003,672-462-6960,cmacginney1t@bbb.org
67,"Botsford, Nolan and Gerlach",497 Aberg Drive,0363-0631,351-201-3224,epetras1u@slate.com
68,O'Hara-Kassulke,8193 Golf View Terrace,53489-386,216-833-6066,dkiley1v@samsung.com
69,"Kuvalis, Lang and Emmerich",463 Dottie Lane,42002-413,899-999-9797,dsayward1w@nba.com
70,"Mueller, Wilderman and Hickle",27530 Mallory Drive,24090-495,497-962-0683,vbeer1x@opensource.org
71,"Runolfsdottir, Stroman and Nikolaus",2 3rd Circle,53217-003,415-792-1708,ctruman1y@tmall.com
72,"Hagenes, Zulauf and Senger",0 Northridge Crossing,50436-6462,902-454-5480,samner1z@washingtonpost.com
73,Kunze Inc,39 Spaight Parkway,43269-883,889-706-3152,ggrayland20@alibaba.com
74,Walker and Sons,292 Hagan Hill,0185-0940,511-673-5466,rmacpeice21@thetimes.co.uk
75,Moen Inc,54671 Center Circle,36987-3161,836-370-7802,lstienton22@theguardian.com
76,"Cartwright, Toy and Stamm",8 Gale Junction,60429-737,698-342-4567,vwigelsworth23@about.com
77,King and Sons,43 Autumn Leaf Crossing,52244-040,113-915-5887,rmacaulay24@mlb.com
78,Abshire-Thiel,181 Thompson Junction,0536-3387,468-547-6221,cstaintonskinn25@slideshare.net
79,"Christiansen, Raynor and Gleason",7 Magdeline Center,36987-2684,841-691-1956,kniese26@earthlink.net
80,Goyette-Oberbrunner,7457 Killdeer Trail,0378-0357,315-868-3119,gyakutin27@comcast.net
81,"Lockman, Williamson and Hartmann",5836 Graceland Parkway,51769-123,458-489-0796,adiroberto28@scientificamerican.com
82,"McLaughlin, Kuhlman and Medhurst",0470 Morrow Terrace,49789-040,267-533-5701,dtapsell29@parallels.com
83,"Schulist, Lemke and Wiegand",5540 Canary Terrace,0013-2652,304-175-9748,yambrogetti2a@jugem.jp
84,Zemlak Inc,461 Troy Junction,35356-877,350-261-2688,crathke2b@wordpress.com
85,Fritsch and Sons,4386 Warbler Circle,68682-992,506-821-9054,amcmurthy2c@cam.ac.uk
86,Schoen and Sons,687 Spohn Lane,63323-117,924-323-6803,tkobu2d@ebay.co.uk
87,Wisoky LLC,67 Clove Point,50730-4402,442-359-7469,geldridge2e@weebly.com
88,Orn Inc,952 Maryland Lane,37012-098,844-424-5351,sfulbrook2f@ihg.com
89,"Boyle, Kuhic and Kutch",17 Prairie Rose Center,10812-521,463-561-6889,bvandermark2g@seattletimes.com
90,"Ratke, Bernhard and Kulas",531 Kipling Park,76181-001,509-386-7758,swhitbread2h@google.com.hk
91,Von-King,02 Almo Circle,0574-0870,287-272-9396,wlethieulier2i@e-recht24.de
92,"Wintheiser, Gleason and Gleason",17835 Petterle Circle,11410-914,420-558-7100,mfaint2j@hatena.ne.jp
93,Larson Inc,07821 Mifflin Point,63323-563,108-300-6758,hduker2k@live.com
94,Gleichner and Sons,6 Fairview Court,49757-001,204-690-9406,kneat2l@nsw.gov.au
95,Tillman Group,08 Farragut Trail,54340-011,580-751-9694,apearsey2m@google.es
96,Harris and Sons,6776 Rutledge Plaza,66116-445,527-887-9730,ecancott2n@businessinsider.com
97,Wunsch-Johnson,76 Washington Road,52125-744,501-683-6347,cgirdler2o@paginegialle.it
98,Gerhold LLC,7 Arapahoe Plaza,51209-002,407-798-0284,kdefilippis2p@drupal.org
99,Tillman Inc,7107 Quincy Alley,24385-021,487-892-1594,aantonowicz2q@cyberchimps.com
100,"Schoen, Sporer and Fahey",22476 Shelley Center,0268-6320,131-211-8236,dlongmuir2r@mlb.com
101,Hand-Ritchie,0 Corry Way,41268-050,808-877-8614,ethirst2s@paginegialle.it
102,"Daniel, Gutkowski and Mraz",8 Scofield Alley,0904-2009,870-590-9874,pbaynam2t@homestead.com
103,"Kirlin, Cruickshank and Schmitt",3 Surrey Road,65862-143,533-519-4935,sderwin2u@tripod.com
104,Fritsch and Sons,9 Homewood Crossing,50730-4300,289-953-8159,vpaiton2v@dion.ne.jp
105,Bernhard-Bogisich,2 Stang Junction,67046-104,190-946-2234,rlutman2w@fotki.com
106,"Bode, Homenick and Wehner",1 Macpherson Terrace,55560-0101,801-823-1286,lchesson2x@chron.com
107,Turner-Leannon,6 Eagle Crest Trail,63739-803,189-476-7063,itumber2y@mozilla.org
108,Brown Group,82 Becker Hill,36987-3192,954-329-4240,rcatley2z@storify.com
109,Monahan and Sons,40761 Hintze Street,51615-001,847-820-4573,srooze30@arizona.edu
110,"Lang, Miller and Block",221 Messerschmidt Center,60574-4114,327-515-4432,nhazelgreave31@bloglovin.com
111,Hoeger-Crona,5 Eggendart Way,21695-919,575-532-6379,ccavaney32@buzzfeed.com
112,Gottlieb LLC,44 Aberg Plaza,11822-0344,604-732-8305,vburges33@fastcompany.com
113,Shanahan and Sons,3185 Old Gate Park,52544-154,563-157-7576,cchettle34@elpais.com
114,Bernhard-Erdman,097 Derek Terrace,0268-0287,603-578-1187,gemig35@cnet.com
115,Hilpert Inc,114 Oak Valley Alley,0338-0704,285-430-7148,eduffit36@hubpages.com
116,"Gutmann, Nolan and Mayert",4 Nova Road,68258-3032,785-889-8853,shanstock37@bloglovin.com
117,Bergstrom-Hauck,541 Carpenter Way,59762-2320,770-284-3820,yklimowicz38@youku.com
118,Heller-Trantow,7160 Bobwhite Parkway,58118-2521,241-995-7066,rbrasseur39@dot.gov
119,Kris-Altenwerth,0 Alpine Alley,63629-4448,970-147-1724,kzoane3a@cafepress.com
120,"Shields, Greenfelder and Abernathy",62 Fair Oaks Court,37205-855,869-781-4146,tgeorgeau3b@mit.edu
121,Rolfson-Stracke,822 Packers Place,0703-3671,124-504-3330,jcamel3c@loc.gov
122,Gibson-Runte,9 Huxley Crossing,58668-2832,631-883-7034,abrimley3d@time.com
123,Jenkins-Stamm,93 Dunning Plaza,0168-0135,139-605-5131,efasson3e@about.me
124,"Ledner, Gutmann and Kutch",5 Morrow Pass,0268-1504,744-904-9052,osteel3f@theatlantic.com
125,"Moore, Schimmel and Gaylord",38426 Village Way,58411-184,926-828-4807,jcarling3g@typepad.com
126,"Marks, Kilback and Reichert",1 Summer Ridge Pass,68983-003,576-812-5690,dstraine3h@va.gov
127,Hagenes LLC,704 Orin Terrace,64117-266,780-364-8884,xbackes3i@digg.com
128,Gorczany-Rempel,02 Beilfuss Terrace,64525-0553,985-959-6433,seyrl3j@vimeo.com
129,Hegmann Inc,68414 Hudson Way,64092-115,678-828-7672,klaughton3k@bigcartel.com
130,Stehr-Hodkiewicz,13 Ridgeway Parkway,54868-4120,351-939-0638,fcomberbach3l@i2i.jp
131,"Grady, Kerluke and Schultz",5198 Oak Valley Parkway,67225-0001,785-130-6570,cwitchell3m@furl.net
132,Mitchell LLC,817 Gulseth Way,76437-609,679-386-2481,kstinton3n@instagram.com
133,Halvorson Group,361 Utah Avenue,16729-140,357-228-9294,xscamel3o@xinhuanet.com
134,Pfannerstill-Hoeger,876 Dixon Parkway,63868-354,666-415-9248,bstellin3p@ovh.net
135,Feil and Sons,94273 Bluejay Circle,0115-1072,223-463-7282,rwyard3q@weather.com
136,"Barrows, Schiller and Murray",03670 Canary Crossing,63717-871,202-513-8009,nhartburn3r@arizona.edu
137,Torp-Schamberger,974 Nelson Parkway,57955-5063,537-687-8145,sdust3s@ucoz.ru
138,Davis-Kessler,6 Nevada Circle,43063-145,435-957-2118,sbrannon3t@github.io
139,"Russel, Walter and Wunsch",9542 Mcguire Point,0268-1081,661-822-2666,asearles3u@springer.com
140,Bernier-Goodwin,3 Carpenter Plaza,62559-159,857-518-2586,awayne3v@technorati.com
141,"Parisian, Homenick and Hayes",16792 Blaine Drive,64117-134,578-255-9946,augoletti3w@cloudflare.com
142,Bosco Inc,43894 Sutteridge Street,44183-210,569-962-6686,jomahony3x@clickbank.net
143,Bashirian-Wiza,35821 Declaration Pass,51514-0251,189-695-3705,bsaltsberg3y@pinterest.com
144,Schmidt-Kemmer,5 Little Fleur Drive,55111-548,117-789-9960,btigwell3z@moonfruit.com
145,McCullough-Rodriguez,85252 Valley Edge Way,20276-052,594-478-4933,recclesall40@cnbc.com
146,Shanahan Inc,10 Kennedy Way,41250-180,907-934-3208,glober41@yale.edu
147,"Jenkins, Sawayn and Dibbert",17210 Continental Place,49288-0435,869-122-3197,gkolczynski42@ted.com
148,"Blick, Effertz and Brakus",249 Dexter Junction,12634-437,463-160-3001,kswinley43@etsy.com
149,"Morissette, Marvin and Grimes",02742 Melvin Terrace,41616-485,835-977-5590,ttoffanini44@admin.ch
150,Walker and Sons,094 Green Trail,0591-5694,199-837-6769,omacilurick45@icq.com
151,"Hyatt, Hansen and Haley",5 Westend Junction,54868-6016,278-270-0693,greggio46@theguardian.com
152,Rolfson-Okuneva,88 Pierstorff Plaza,55289-211,670-309-7291,kbaile47@earthlink.net
153,Aufderhar Group,15673 Dunning Park,0268-0621,639-867-3116,lstairs48@apache.org
154,Lakin-Hudson,46 Barby Lane,64117-149,688-489-1650,btreweela49@google.it
155,VonRueden-Stamm,94 Eagan Place,60681-1285,502-788-3080,lpearcey4a@reddit.com
156,Bosco-Senger,68489 Rusk Avenue,0078-0379,478-980-9166,dbloss4b@123-reg.co.uk
157,Kuhic Inc,712 Fisk Way,60505-3132,778-139-4377,agallaher4c@thetimes.co.uk
158,Rau-Maggio,0408 Daystar Circle,68987-003,996-921-7585,fgillespey4d@stanford.edu
159,Smitham-Sauer,23232 Hermina Hill,43386-360,191-504-1498,mluciano4e@usnews.com
160,Hegmann Group,0144 Northview Street,57353-103,129-137-9192,mcasier4f@cocolog-nifty.com
161,Kilback-Schultz,91 Bunting Alley,47682-101,846-198-7602,lhughes4g@epa.gov
162,Stracke-Nolan,9 John Wall Center,36987-2954,769-266-5691,lbartot4h@columbia.edu
163,Carroll Group,31 Carpenter Road,59115-146,155-493-7097,bgauford4i@sciencedirect.com
164,Luettgen Group,2213 Judy Center,11489-061,488-260-8816,nalldre4j@scientificamerican.com
165,"Romaguera, Harber and Altenwerth",1 Hermina Terrace,41167-7773,391-475-8638,mansell4k@bigcartel.com
166,Braun LLC,824 Carberry Court,75921-133,565-763-3511,ckleinber4l@fotki.com
167,Bechtelar LLC,42983 Ryan Pass,42248-106,362-547-5408,zwaddell4m@nasa.gov
168,"Barton, Stehr and Huels",00 Sullivan Road,43353-771,588-446-7910,dstanborough4n@webnode.com
169,Harris LLC,03 Mandrake Court,36987-3141,874-518-0358,aantill4o@nyu.edu
170,"Lind, Berge and Price",73 Dapin Lane,61703-323,613-943-3552,wrackley4p@sun.com
171,Huels-Gerlach,0552 Buell Terrace,43857-0238,846-469-5990,fmcareavey4q@businessweek.com
172,"Reichert, Wolff and Jacobs",209 Superior Hill,68026-115,481-602-6934,zdransfield4r@4shared.com
173,Kemmer and Sons,4 Hagan Alley,13537-066,396-713-7385,nottley4s@netscape.com
174,"Smith, Durgan and Wiegand",87 Sundown Circle,59779-572,737-111-5757,lcamillo4t@nytimes.com
175,Monahan-Rosenbaum,1161 Prairieview Plaza,0268-6625,268-243-2730,dconeau4u@surveymonkey.com
176,Braun-Emard,9328 Brentwood Center,51143-434,167-323-5348,hjanik4v@indiatimes.com
177,Cassin Group,1 Dwight Pass,55111-685,886-370-5456,cbus4w@google.pl
178,Rippin Inc,11555 Clyde Gallagher Street,66336-033,610-286-9594,lhallam4x@abc.net.au
179,Feest-Langosh,98331 Kipling Drive,0003-0894,629-778-3288,kdearing4y@flavors.me
180,Stamm and Sons,9 Eastlawn Way,10157-9477,981-547-1046,emcgiffie4z@squidoo.com
181,Hahn Group,72563 Eliot Street,51861-102,470-314-5015,bvallack50@reverbnation.com
182,Corwin-Adams,8 Linden Crossing,41163-206,259-497-2349,hspottiswood51@newyorker.com
183,Price LLC,6 Bunting Park,62037-695,951-560-3472,mkolakowski52@marketwatch.com
184,Cremin and Sons,98 Gale Junction,13668-201,382-146-0271,ephilpin53@cpanel.net
185,Kunze-Kreiger,66173 Upham Terrace,0363-0173,829-208-7450,kreddie54@cbsnews.com
186,Mann-Deckow,832 Buhler Road,27293-023,407-473-8089,dbraund55@vimeo.com
187,Dooley LLC,96 Dorton Plaza,51514-0329,354-474-9989,cbennell56@reverbnation.com
188,Sauer LLC,57 Nancy Circle,54569-1118,487-844-0360,wschultheiss57@mediafire.com
189,"Harris, McKenzie and Flatley",16 Golf Hill,49288-0423,732-149-6173,bcodner58@bigcartel.com
190,"Marquardt, Schuppe and Bogisich",6 Red Cloud Plaza,11822-0176,935-983-7479,kgeddes59@shop-pro.jp
191,Leffler Inc,278 Sherman Drive,41520-648,207-916-8964,hmumm5a@eepurl.com
192,Prohaska LLC,74 Logan Drive,61924-204,376-841-8747,llorman5b@smh.com.au
193,Bartoletti LLC,4124 Namekagon Crossing,48951-2057,451-449-2595,jgetcliffe5c@phpbb.com
194,"Hudson, Lind and Ullrich",550 Sunfield Circle,10096-0269,286-382-2437,dbriant5d@devhub.com
195,Johns-Donnelly,1121 Colorado Point,33261-989,246-532-4376,ltrainor5e@usgs.gov
196,"Bahringer, Ruecker and Kessler",7 Meadow Ridge Lane,63941-670,222-521-7167,fmeggison5f@discuz.net
197,Johns-VonRueden,46 Merry Park,56062-535,823-155-3203,rivashchenko5g@technorati.com
198,"Rutherford, Blick and Sanford",134 Golf Court,52125-724,988-457-0080,mhaggleton5h@amazon.co.jp
199,Rogahn-Schuppe,2 Hoffman Place,55154-5676,854-533-6147,rdurrett5i@linkedin.com
200,"Schulist, Denesik and Cummerata",5 Talmadge Road,49288-0600,522-902-2925,hgilstin5j@vistaprint.com
201,"Okuneva, Kunze and Medhurst",37 Daystar Road,52686-317,484-151-8800,dfollows5k@fastcompany.com
202,"Bernier, Lowe and Dach",67 Bluejay Parkway,49738-110,315-357-7538,belby5l@cam.ac.uk
203,Beer-Langworth,24 Kensington Drive,60681-3601,447-573-8672,harnaldy5m@google.nl
204,Crist LLC,0142 Pierstorff Plaza,53014-548,235-760-7935,kbirdseye5n@google.cn
205,Boehm-Torp,7 Golf Course Point,64117-204,491-144-1050,dtreend5o@alexa.com
206,Schmeler-Hudson,85911 Miller Trail,67603-001,824-942-3389,cattock5p@digg.com
207,Purdy-Metz,8263 Coleman Parkway,51345-111,668-210-3622,fgahagan5q@omniture.com
208,Pfeffer-Hickle,1705 Nova Lane,36800-150,977-293-7071,jmakiver5r@kickstarter.com
209,Cronin-Gulgowski,27099 Laurel Trail,41250-885,170-683-8028,ltellett5s@yellowpages.com
210,Gorczany-Jakubowski,6 Surrey Hill,0006-0732,611-262-0879,ddoberer5t@telegraph.co.uk
211,Yundt-Halvorson,687 Twin Pines Crossing,63824-810,973-158-2339,krobard5u@google.co.jp
212,Fay-Kovacek,74 Cambridge Hill,63354-050,203-718-9786,cblint5v@virginia.edu
213,"Stanton, Marquardt and Gerlach",0 Utah Junction,55312-396,884-540-7916,dmccahill5w@storify.com
214,O'Kon-Deckow,4 Fordem Point,36987-1265,973-125-3630,rkeelinge5x@tiny.cc
215,Thompson-Herman,5 Dakota Pass,16714-355,708-391-9585,lhartright5y@reuters.com
216,Blanda Group,7 Hauk Park,53808-0978,748-436-7734,gcanadine5z@nytimes.com
217,Rodriguez and Sons,245 Walton Circle,62065-514,309-859-6678,gorgen60@mtv.com
218,Jacobi LLC,76094 Morning Parkway,59575-500,721-771-7700,kgregoriou61@state.tx.us
219,"Bradtke, Schinner and Wisoky",673 Clove Crossing,68776-1001,913-495-8875,lcaudray62@ucla.edu
220,Schoen and Sons,9 Roxbury Center,24385-807,653-689-9101,rpenburton63@nifty.com
221,Lueilwitz Inc,6478 Upham Terrace,0078-0365,570-159-5717,sskinner64@canalblog.com
222,Boyer-Wilkinson,8 Del Sol Terrace,44567-100,181-698-0082,mpinnocke65@prnewswire.com
223,"Miller, Bosco and Frami",65736 Portage Plaza,50436-3121,660-668-4533,sonslow66@squarespace.com
224,"Lockman, Doyle and Wolff",50937 Eastlawn Center,43063-520,908-571-7789,sstrickland67@ucoz.ru
225,Schmidt-Huel,37905 Menomonie Pass,58194-001,130-135-6299,jweightman68@auda.org.au
226,Donnelly-Bruen,9 Lakeland Center,55648-725,168-908-7959,breide69@twitpic.com
227,Auer-Sauer,63 Haas Circle,54868-3465,359-640-2425,dduck6a@uol.com.br
228,"Walter, Doyle and Spinka",6789 Paget Avenue,55154-5564,881-966-0426,hgershom6b@cdbaby.com
229,Cummings Inc,58764 5th Hill,0363-0595,109-331-7235,ngradwell6c@cmu.edu
230,Hammes-Bogan,8 Westend Drive,59726-169,374-476-6346,kschulkins6d@163.com
231,Doyle-Kovacek,6 2nd Junction,61657-0972,271-774-8241,rvankov6e@barnesandnoble.com
232,Murray LLC,24673 Nova Terrace,68703-140,848-957-5789,wtersay6f@homestead.com
233,Nienow and Sons,3 Sauthoff Way,76354-002,460-770-5742,lhadlington6g@amazon.de
234,"Gulgowski, McKenzie and Koelpin",8727 Goodland Point,0113-0308,941-968-7712,amcelrath6h@blog.com
235,"Jacobs, Braun and Jaskolski",97124 Nobel Point,48951-8165,390-144-9836,crohan6i@wp.com
236,"Hoppe, Ondricka and Bruen",54491 Carey Parkway,60505-2877,178-246-5057,gvipan6j@purevolume.com
237,"Wilderman, Deckow and Hilpert",4 Tennyson Park,54868-4789,354-689-9873,eflippelli6k@bigcartel.com
238,Krajcik Group,7932 4th Terrace,49738-300,658-394-5898,edonett6l@goo.ne.jp
239,Runolfsson-Maggio,9925 Hauk Center,0178-0345,599-892-9926,esloy6m@va.gov
240,Metz LLC,2039 Bunker Hill Place,33992-3002,751-234-3481,kcarhart6n@google.pl
241,Hickle-Brekke,6446 Luster Court,50988-299,523-764-6876,dgrealey6o@tumblr.com
242,Connelly Group,5645 Jay Drive,30142-219,822-994-6034,fogden6p@soup.io
243,"Crona, Schmitt and Langworth",276 Kingsford Pass,13537-140,846-150-6033,amadders6q@multiply.com
244,Herman-Bosco,8 Annamark Terrace,50988-182,939-284-8098,hbrognot6r@artisteer.com
245,Cummerata Inc,65 Fisk Parkway,0574-4160,264-414-2910,igrzeszczyk6s@joomla.org
246,O'Keefe-Littel,73695 Hollow Ridge Drive,36987-3170,645-867-8928,hbatie6t@economist.com
247,Reynolds Inc,4 Meadow Ridge Way,0555-0094,512-512-9100,kgarr6u@stanford.edu
248,Grady-Cronin,622 Debs Point,68472-070,131-866-8903,icamden6v@discuz.net
249,Runolfsson Inc,69944 Carpenter Lane,10370-169,712-134-7397,ldobsons6w@rambler.ru
250,"Bayer, Mosciski and Torp",29381 Summit Park,56153-002,496-551-5442,bcapron6x@admin.ch
251,Hermann Group,97438 La Follette Point,11673-822,565-975-0109,dmoen6y@parallels.com
252,Fisher-Grimes,37388 Katie Center,51285-697,539-851-6708,mdoohey6z@tmall.com
253,Davis-Ondricka,787 Acker Court,49999-053,111-691-2857,mpeeter70@4shared.com
254,"Hane, Pfannerstill and Rempel",315 Gateway Lane,36800-232,469-383-4238,cklassmann71@liveinternet.ru
255,Wiegand-Koelpin,40 Clemons Park,60846-901,691-616-1464,iridsdale72@myspace.com
256,Botsford Inc,11 Independence Road,54569-1046,188-710-3295,ebunten73@omniture.com
257,Parisian and Sons,4312 Mayer Parkway,0316-2045,754-812-7216,ckerbey74@dedecms.com
258,Reynolds-Swift,09735 Melody Way,59723-546,336-337-7510,wmonck75@wordpress.com
259,"Hodkiewicz, Prosacco and Schuster",81 Buena Vista Crossing,41268-432,390-922-8088,demmanueli76@desdev.cn
260,"Pollich, Dare and Mosciski",51 Reindahl Point,24338-010,177-269-0349,rdanieli77@elegantthemes.com
261,"Huel, Friesen and Renner",5857 Manufacturers Court,0955-1021,650-198-7412,atheuff78@sina.com.cn
262,"Kuvalis, Johns and Rippin",9 Oxford Circle,17089-293,129-191-4258,mlewry79@51.la
263,"Boehm, Green and White",12 Nancy Lane,11673-690,783-851-7475,hdocherty7a@ted.com
264,Kuvalis and Sons,76 Upham Parkway,0603-4593,273-745-4392,nround7b@cbc.ca
265,Gutkowski Inc,58614 Old Gate Place,0078-0393,586-238-3521,dmillberg7c@oaic.gov.au
266,Kutch LLC,41507 Dixon Parkway,52125-539,986-970-6203,gtitterrell7d@fastcompany.com
267,"Schuster, Schimmel and Ebert",8896 Corry Plaza,49348-277,628-223-0630,apoynter7e@about.com
268,"Roberts, Fay and Hickle",7687 Granby Crossing,64942-1249,946-842-4841,jeuesden7f@alibaba.com
269,Bode-Zboncak,27052 Cherokee Junction,50017-026,757-502-9467,jrheam7g@yahoo.com
270,Blick Group,09186 Dakota Center,57520-0559,441-761-8001,goulet7h@over-blog.com
271,"Walsh, Grimes and Dicki",4 Brentwood Terrace,68788-9940,244-234-4561,clawerence7i@dion.ne.jp
272,Windler-Kessler,59310 Clarendon Place,50436-2607,842-303-4047,emallya7j@so-net.ne.jp
273,"Zboncak, Torp and Braun",4 Talisman Way,55118-540,377-807-5302,cmabb7k@bbc.co.uk
274,Boyer-Tremblay,4 Kenwood Lane,0039-0018,865-471-2515,dhalwell7l@sbwire.com
275,Bednar-Yost,08 Dahle Plaza,15751-2235,127-716-4448,horred7m@woothemes.com
276,Connelly-Kertzmann,015 Warrior Road,76166-002,861-635-5876,awintringham7n@ycombinator.com
277,Moen Inc,41 Sage Circle,62001-0318,531-105-3514,dzorzin7o@blogtalkradio.com
278,"Mayert, Swift and Lubowitz",38 Anhalt Place,43063-060,292-155-9512,otrymme7p@noaa.gov
279,Morissette Group,14885 Bobwhite Drive,50672-838,406-324-8344,araccio7q@mozilla.org
280,Wintheiser Inc,4 Burning Wood Circle,63187-163,817-741-7234,ggromley7r@zimbio.com
281,Blanda Inc,84 Roth Way,49884-535,135-840-9407,mgerring7s@sakura.ne.jp
282,"Crist, Dickens and Stehr",41536 Springs Lane,61328-003,859-979-1101,cfreemantle7t@constantcontact.com
283,"Lakin, Jenkins and Considine",8 Milwaukee Way,76250-495,438-600-9045,bkenewel7u@nasa.gov
284,Ebert and Sons,95255 Sauthoff Road,49967-707,728-954-0910,schansonnau7v@bloomberg.com
285,Kessler Group,5 Macpherson Street,33992-3006,824-451-3806,moscallan7w@cam.ac.uk
286,Grant and Sons,45 Northland Crossing,37808-009,532-739-4693,rrivelin7x@tumblr.com
287,"Vandervort, Quitzon and Paucek",8928 Canary Street,50051-0015,462-128-5090,hbaynon7y@pcworld.com
288,Herzog Inc,753 Thierer Court,47682-220,509-578-6554,mhardwidge7z@mayoclinic.com
289,"Stracke, Macejkovic and Hamill",6460 Redwing Lane,36987-2038,179-646-2025,mtowle80@gravatar.com
290,Grant-Hills,87832 Dunning Plaza,63941-690,160-859-2082,jshmyr81@state.tx.us
291,Runte Inc,24168 Gulseth Court,41250-054,756-475-2230,cdwine82@thetimes.co.uk
292,Kunde-Feest,9907 Lyons Hill,49852-172,735-465-1197,ibeddon83@bbc.co.uk
293,"Morissette, Morar and Bernhard",827 Bowman Court,59535-4511,119-111-5122,odicks84@timesonline.co.uk
294,Predovic and Sons,86 Jana Hill,68436-110,891-794-4926,lgoodridge85@delicious.com
295,"Hermiston, Kessler and Corwin",9670 Acker Parkway,68180-402,127-391-8003,uhaton86@google.pl
296,Sauer Group,926 Melrose Alley,66273-0004,363-481-4087,rlanston87@cnn.com
297,Gleichner-Spinka,99779 Lighthouse Bay Lane,67618-151,965-918-9012,mbackhouse88@imageshack.us
298,Bode LLC,3 Longview Road,58552-122,148-615-4677,dfalloon89@hostgator.com
299,"Hauck, Mraz and Zulauf",7 Hansons Way,42549-558,398-145-2062,jhaggith8a@mediafire.com
300,"Mraz, Lind and Schiller",71289 Shoshone Terrace,51346-209,491-716-0713,rmcneachtain8b@flavors.me
301,"Konopelski, Abshire and Kuhic",13776 Thompson Center,67457-447,477-818-2974,rbyles8c@hugedomains.com
302,Hyatt-Bogisich,9 Memorial Parkway,37000-349,770-997-2508,swoodwind8d@123-reg.co.uk
303,Padberg-Hickle,4 Transport Circle,52183-389,590-409-9133,cmcgahey8e@comcast.net
304,Balistreri Inc,0 Sherman Street,68016-135,664-600-5854,pbusse8f@bloglovin.com
305,Schroeder-Gulgowski,2 Namekagon Way,0615-6572,913-953-7814,ymatityahu8g@1und1.de
306,McClure-Gleichner,8 Merrick Circle,48951-2092,916-329-2234,dslayford8h@fda.gov
307,Pouros Group,592 Barby Point,68462-329,444-656-2322,gmoro8i@hibu.com
308,Murray-Berge,8484 Blackbird Center,55154-5436,170-499-2124,dellum8j@google.nl
309,Barton Inc,2800 Hudson Drive,49348-236,887-951-8642,gprydden8k@163.com
310,Buckridge Group,0602 American Way,54312-270,659-134-4584,ntille8l@utexas.edu
311,Tremblay Inc,2 Towne Terrace,31720-211,343-499-3411,bciobotaro8m@shop-pro.jp
312,Gerlach Inc,2125 Pennsylvania Point,42291-342,743-114-1207,swillman8n@yolasite.com
313,"West, Reinger and Mitchell",17 Melby Park,76125-784,885-839-9783,eclewarth8o@twitpic.com
314,Lueilwitz Inc,42642 Northland Pass,43742-0326,712-607-6037,ldenmead8p@who.int
315,Stroman-Larson,7938 Bashford Court,0113-0934,515-427-0524,mdenham8q@usatoday.com
316,"Sanford, McGlynn and Okuneva",42925 Spenser Road,54340-651,922-106-9396,ccartwright8r@godaddy.com
317,"Klocko, Hyatt and Bradtke",327 Green Junction,24165-0001,444-727-2515,smccracken8s@wiley.com
318,Wilderman-Hintz,9 Glendale Park,24236-133,205-377-3696,jwenn8t@comsenz.com
319,Feeney and Sons,5935 Petterle Junction,0054-0088,540-896-9785,fchetham8u@cmu.edu
320,Schuster-Windler,44439 Swallow Drive,0591-3498,313-392-2995,rvarey8v@youku.com
321,"Mohr, Bahringer and Cruickshank",56581 Ryan Drive,21695-622,333-526-5946,lkolodziej8w@ox.ac.uk
322,"Feil, Lesch and Kovacek",30687 Hayes Court,41250-226,662-833-8809,fbinge8x@nhs.uk
323,"Blanda, Kuphal and Moen",3043 Milwaukee Street,68382-033,179-639-0175,omachoste8y@ebay.co.uk
324,Leffler-Bahringer,14 Talmadge Way,52125-645,519-787-3214,mcranmor8z@jiathis.com
325,Wisoky Group,2 Sheridan Way,50222-501,328-533-6343,atomasicchio90@devhub.com
326,Greenfelder Group,81223 Ludington Point,49288-0261,749-672-4302,amundford91@bravesites.com
327,Tremblay Group,58 Chive Point,0187-2221,532-627-2220,medwicker92@tmall.com
328,"Bechtelar, Reynolds and Williamson",015 Butterfield Alley,0615-7689,264-294-9322,ajeness93@yandex.ru
329,Jakubowski-Carter,296 Anhalt Hill,42002-107,272-366-9731,jbramont94@themeforest.net
330,"Stracke, Willms and Koss",83878 Melody Court,61957-0402,185-687-1178,mmuzzini95@dot.gov
331,"Feest, Smitham and Runolfsson",856 Jenifer Street,67938-0866,120-945-3288,bkirdsch96@domainmarket.com
332,"Nienow, Swaniawski and Kautzer",2 Luster Hill,55154-5461,307-608-9323,wrivallant97@cisco.com
333,"Gaylord, Johns and Stark",76 Goodland Junction,0067-2039,212-311-0946,palbarez98@constantcontact.com
334,Durgan LLC,92 Packers Junction,54868-5157,941-625-0138,mdisbrow99@wufoo.com
335,Bahringer-Heller,9 Maple Avenue,48951-3064,825-191-3757,mgoodinge9a@businessinsider.com
336,Turcotte-Langosh,01 Hauk Plaza,10370-214,158-936-8939,gsorton9b@shop-pro.jp
337,"Watsica, Haley and Kessler",3406 Rigney Drive,68788-9056,175-911-0116,hconsidine9c@bloomberg.com
338,Schulist Group,70808 Vernon Parkway,16714-340,496-603-6735,dhaggith9d@themeforest.net
339,"Gleichner, Trantow and Beatty",8 Eastlawn Place,63029-402,271-822-4190,vsavidge9e@quantcast.com
340,Schowalter Group,6 Spohn Terrace,37000-733,840-898-0343,wpentlow9f@purevolume.com
341,"Jacobi, Hessel and Ullrich",77762 Sheridan Alley,36987-2656,843-280-6807,nenterle9g@youku.com
342,"Kuhic, Zemlak and Kemmer",2 Graedel Way,13537-298,722-378-8192,igarvagh9h@huffingtonpost.com
343,"Medhurst, Luettgen and Medhurst",5873 Cody Court,68001-122,965-611-4734,swingfield9i@joomla.org
344,Sawayn LLC,34291 Saint Paul Center,41520-199,204-424-6951,tgeorg9j@youku.com
345,Torp and Sons,2085 Forest Run Parkway,53645-1001,653-267-9180,bfehners9k@ihg.com
346,McGlynn-Mitchell,3930 Londonderry Alley,58906-2001,715-595-5159,tdenty9l@i2i.jp
347,"Donnelly, Mueller and Davis",7262 Oneill Terrace,0363-0889,770-589-8158,aderisly9m@fotki.com
348,Hackett-Klein,6590 North Junction,0113-0194,467-570-7458,ppoland9n@yolasite.com
349,"Schroeder, O'Conner and Farrell",429 Sheridan Circle,0002-4116,430-402-4022,gkydde9o@bigcartel.com
350,Yundt LLC,88 Sauthoff Plaza,13537-165,564-571-2629,sinstrell9p@toplist.cz
351,Okuneva-Towne,19 Melrose Point,49035-015,733-804-1440,cfallowes9q@drupal.org
352,Cummerata Inc,9391 Vernon Court,54868-2200,397-876-0669,lmosconi9r@fda.gov
353,Boyer and Sons,9 Rusk Alley,41250-882,277-122-3788,ndawks9s@timesonline.co.uk
354,"Robel, Corkery and Hermiston",11559 Kingsford Junction,36987-3267,204-249-9822,trobinson9t@bing.com
355,"Boyle, Murray and Bogan",137 Macpherson Plaza,55910-890,892-231-4514,vfrigout9u@pinterest.com
356,White Inc,9 Hooker Terrace,49349-454,799-855-4437,rsynder9v@shop-pro.jp
357,"Rohan, Stamm and Pollich",67 Tennyson Park,54973-3127,332-928-0523,mluesley9w@cam.ac.uk
358,Johns-Weber,7 Sugar Court,54868-6091,181-598-0882,sdraaisma9x@eepurl.com
359,Mante-Christiansen,235 Bunting Way,52959-989,364-523-1292,dwallsworth9y@china.com.cn
360,Labadie-Schuppe,28140 Hoepker Circle,0178-0320,552-759-8528,cliddyard9z@eventbrite.com
361,Bins-MacGyver,77 Lyons Trail,60258-162,322-268-2598,lhuota0@tamu.edu
362,Graham and Sons,80351 Bobwhite Plaza,58232-0025,906-221-9341,tnovaceka1@go.com
363,Lehner-Hegmann,43 Judy Point,52533-028,449-857-4772,cgibbetta2@typepad.com
364,"Emard, Lang and Willms",459 Express Plaza,67046-131,324-366-4859,obevansa3@canalblog.com
365,Koelpin-Waelchi,84 Holmberg Place,53746-116,541-277-4654,kwreforda4@psu.edu
366,"Yundt, Kerluke and Smitham",2603 Gateway Pass,33992-5000,207-845-7064,atembletta5@youtube.com
367,Bauch and Sons,002 Clyde Gallagher Point,54868-4700,726-114-5549,cgonnina6@wunderground.com
368,Schmidt and Sons,82100 Lunder Terrace,55312-908,939-540-0414,sabbyssa7@usda.gov
369,Streich LLC,7931 Mayer Alley,14060-003,203-661-8020,gmccorda8@geocities.com
370,Koch-Leuschke,775 Algoma Alley,65044-1703,291-267-8741,chandfortha9@ucoz.com
371,"Hilpert, Goldner and Lakin",76 Summit Street,59158-913,991-153-6432,jruhbenaa@ezinearticles.com
372,Marks-Howe,795 Steensland Hill,0093-0892,241-470-2572,dpickanceab@csmonitor.com
373,Friesen-Lemke,84756 Del Sol Plaza,10544-065,147-951-2457,rheersac@yale.edu
374,Hagenes and Sons,3 Manley Road,51561-001,362-526-7976,llaffordad@nymag.com
375,Bartoletti-Jaskolski,00 Buena Vista Circle,59779-074,471-479-0909,gpougherae@scribd.com
376,"Dibbert, Kozey and Kerluke",93 Lawn Road,55316-489,252-680-7282,kmarrableaf@is.gd
377,"Halvorson, Jast and Parisian",46 Summit Crossing,51060-002,555-788-5310,bwhostonag@shinystat.com
378,"Hartmann, Kling and Blanda",0423 Alpine Pass,62856-775,381-320-4129,zwalkerah@mashable.com
379,"Osinski, Satterfield and Huels",5822 Utah Pass,0904-5065,922-749-8502,mandrzejakai@ted.com
380,"Ratke, Zboncak and Nitzsche",06 Northport Street,35000-120,210-993-2373,iorowaneaj@istockphoto.com
381,"Corkery, Purdy and Gusikowski",79229 Swallow Avenue,51346-028,519-863-1030,apalliserak@google.nl
382,Jones Group,15 Forest Place,0597-0081,123-786-3893,sbuckelal@parallels.com
383,Schaden-Bruen,41426 Monterey Hill,59262-348,713-347-9146,hmackriellam@apple.com
384,Mosciski-Goyette,4953 Pennsylvania Alley,36987-1233,918-683-9873,mgwyeran@booking.com
385,"Veum, Lueilwitz and Schuppe",701 Shopko Alley,0574-4160,234-487-9989,frundallao@fc2.com
386,Harris Inc,6754 Sauthoff Pass,16590-745,376-237-6878,mmaasap@yellowbook.com
387,"Lind, Muller and Turner",953 Pine View Terrace,68001-204,387-148-6259,sgooddyaq@about.me
388,Hintz Inc,5411 Prairieview Alley,51201-101,525-265-1664,itwyfordar@weather.com
389,Ruecker-Konopelski,89 Morning Plaza,52959-423,378-468-3084,agonningas@feedburner.com
390,"Bahringer, Kuphal and Herzog",105 Monica Trail,13811-662,458-376-4411,cearthfieldat@senate.gov
391,"Prohaska, Maggio and Kulas",053 Montana Alley,52544-219,809-731-5026,krosengartenau@360.cn
392,Hintz Group,45 Artisan Pass,63354-960,716-113-8495,kionescoav@slate.com
393,Schaden LLC,6563 Dapin Junction,66019-301,780-633-5032,marnottaw@nba.com
394,Kuhlman LLC,8 Monument Park,54868-0154,932-590-6305,rluesleyax@icio.us
395,Hartmann and Sons,71 Grayhawk Court,34666-081,524-478-5584,pteallay@arstechnica.com
396,"Wuckert, Lang and Wolf",790 Gerald Hill,61328-003,980-791-8648,zniesegenaz@comsenz.com
397,Hoppe-Hauck,1626 Esker Court,17089-418,689-287-3669,dsnowb0@businessinsider.com
398,Lemke-Koelpin,88 Dennis Parkway,42549-602,612-155-6978,mhollerinb1@booking.com
399,"Steuber, Fisher and Adams",74944 Carpenter Parkway,36987-2312,567-536-8785,cavraamb2@miitbeian.gov.cn
400,McLaughlin-Lockman,489 Northview Crossing,36987-2249,727-349-1226,aachurchb3@google.com.au
401,Altenwerth LLC,07008 Green Ridge Road,63941-693,954-429-6782,eahlfb4@zimbio.com
402,"Nader, Fahey and Hirthe",0 Delaware Street,0409-7336,840-515-3371,mwardhoughb5@samsung.com
403,Trantow Group,67633 Sunnyside Drive,50390-708,297-849-0116,bmowettb6@issuu.com
404,Stamm-Ullrich,756 Bultman Point,41520-873,422-794-0693,rsandercockb7@is.gd
405,"Ryan, Towne and Kshlerin",8427 Carioca Trail,0517-3405,507-178-1329,abooijb8@issuu.com
406,Lubowitz and Sons,7 Michigan Center,64942-1071,155-600-4292,sjuppb9@joomla.org
407,O'Keefe-Prosacco,4476 Hoepker Drive,50436-3845,895-116-4415,hvardyba@istockphoto.com
408,Murphy Inc,95 Golf Crossing,49999-835,249-141-0688,fboleynbb@dailymotion.com
409,Lindgren-Senger,682 American Street,55301-011,625-204-4059,stwinamebc@imdb.com
410,Stracke LLC,75 Oxford Terrace,52685-375,784-108-8910,djudgebd@msn.com
411,Ondricka-Lockman,52 Canary Center,0409-4778,420-251-9391,amalshingerbe@wiley.com
412,Gerlach LLC,6745 Hooker Road,49349-896,836-819-1864,jbachshellbf@ameblo.jp
413,Satterfield-Huel,4703 Drewry Street,65342-1230,578-482-9731,emcpaikebg@domainmarket.com
414,"Jacobi, Reichel and Kunde",8 Thierer Hill,0093-5062,781-507-6763,ailyuninbh@tinypic.com
415,Heller-Schumm,76851 Artisan Plaza,0185-5600,803-304-5248,jdumphreybi@google.com.hk
416,Thompson Group,0 Towne Road,36800-908,689-620-2122,lmerringbj@github.io
417,"Berge, Emard and Leannon",36581 Lerdahl Lane,54868-0016,601-215-9281,gharlettbk@newsvine.com
418,Nienow and Sons,92176 Judy Place,31722-707,326-382-7365,melsmerebl@meetup.com
419,Becker Group,25167 Maywood Street,42411-080,507-545-9038,zbaggelleybm@usgs.gov
420,"Murphy, Metz and Lockman",4 Buhler Place,49999-504,615-232-0715,cnelhamsbn@hubpages.com
421,"Renner, Hayes and Kohler",2261 Johnson Junction,64725-0736,639-736-4276,frubroebo@apache.org
422,Wisoky-Jakubowski,0953 Sommers Road,65841-636,397-251-5727,rdanielutbp@indiatimes.com
423,"D'Amore, Abshire and Muller",864 American Ash Hill,58232-4034,653-615-2658,nmidgleybq@marketwatch.com
424,Gutkowski Inc,48056 Kipling Center,53746-254,299-875-1492,dmiddlerbr@slideshare.net
425,Rippin-Marquardt,1 Westerfield Lane,37000-807,577-714-7741,kdecullipbs@wix.com
426,Balistreri Group,35 7th Avenue,54868-6322,107-358-1411,mkubczakbt@sciencedaily.com
427,Daugherty Group,33 Harper Drive,61601-1143,300-863-7175,kearsmanbu@sitemeter.com
428,Stamm-Runolfsson,7 David Court,0004-0350,725-466-5473,ssoldnerbv@meetup.com
429,Beahan-Dickinson,03923 Forest Parkway,0093-2055,546-418-1683,ajobbinsbw@comsenz.com
430,"Kulas, Schmeler and Smitham",2 Rockefeller Point,10596-338,785-277-8534,cjestebx@comcast.net
431,Lang-Gleichner,71 Hintze Trail,10812-388,672-459-2096,lkymeby@buzzfeed.com
432,"Kautzer, Luettgen and Treutel",5 Armistice Circle,62011-0149,374-134-5722,vmacybz@gmpg.org
433,"Homenick, Hagenes and Kshlerin",3 Washington Terrace,68180-854,633-472-4949,rdarnodyc0@epa.gov
434,"Ernser, Ortiz and Spencer",6956 Butternut Terrace,55154-5981,544-637-2425,tgascarc1@fastcompany.com
435,Wilkinson-Ullrich,13 3rd Parkway,53135-925,685-523-7285,eberriballc2@mozilla.org
436,Aufderhar-Jacobson,510 Prairieview Way,54458-907,516-591-5890,mgajewskic3@linkedin.com
437,"Jast, Johnson and Veum",62087 Randy Lane,43742-0073,134-594-5656,adederickc4@vk.com
438,Brekke-Zulauf,80258 Barby Plaza,68084-262,906-367-2089,abartolomeazzic5@blogspot.com
439,Tremblay and Sons,87782 Thompson Street,53401-004,121-266-2462,agockelenc6@mail.ru
440,Romaguera-Klein,148 Pine View Drive,61328-001,685-303-5089,kseversc7@soup.io
441,Weber Group,06358 Jana Hill,21695-024,761-139-4117,ggrimac8@home.pl
442,West-Keebler,8 Grim Avenue,0517-0730,668-773-7394,sdennertc9@ifeng.com
443,"Bailey, Lemke and Cummerata",3629 Donald Place,65044-5008,846-919-2211,cjoliffeca@pcworld.com
444,Hoeger-Zulauf,99 Gerald Court,0268-1505,552-938-0544,cbertheletcb@technorati.com
445,"Fay, Grimes and Ruecker",413 Eagle Crest Center,49884-091,362-647-9951,rdegiorgiocc@ucla.edu
446,Hilll LLC,183 Columbus Pass,50845-0025,904-788-2632,swerrettcd@businessinsider.com
447,Gleason-Bauch,5572 Lukken Lane,54868-5334,438-588-7779,pplanquece@meetup.com
448,Quigley-Kozey,23 Texas Crossing,62011-0171,971-997-7339,nnucatorcf@joomla.org
449,Zulauf LLC,9 Nelson Alley,63691-016,535-646-0574,gportchcg@ovh.net
450,Hermiston-Turner,2 Aberg Park,54170-120,195-415-0945,ftuminich@blinklist.com
451,Collier-Jacobi,25 Sullivan Avenue,64125-140,713-189-0360,abloysci@illinois.edu
452,Treutel Inc,3991 Scoville Point,63940-150,328-322-5202,jsaxelbycj@pagesperso-orange.fr
453,Huels-Schinner,436 Hoffman Street,63629-4448,634-417-1796,cashworthck@oaic.gov.au
454,Braun-Bernhard,4106 Mesta Drive,35356-763,714-619-2388,astoltecl@wikimedia.org
455,"Franecki, Kshlerin and Schaden",39 Anthes Park,46084-061,978-220-0895,jjanawaycm@dion.ne.jp
456,Grimes-Mann,6653 Onsgard Terrace,65649-211,516-636-5142,bmathiscn@slideshare.net
457,Kassulke and Sons,0879 Hovde Court,65044-1945,302-650-0794,ehayhoeco@reference.com
458,Bins LLC,77556 Cherokee Road,54738-901,136-916-5080,rhusbandscp@addtoany.com
459,Lemke Group,255 Hagan Circle,68180-514,594-553-6612,dfarquharcq@printfriendly.com
460,Mosciski-Blanda,13275 Darwin Park,55319-131,472-446-6209,tmurthwaitecr@vkontakte.ru
461,Bernhard LLC,45 Montana Park,68428-026,412-570-5390,skleinberercs@jiathis.com
462,"Cremin, Boyer and Hamill",45 Sutherland Terrace,68356-119,485-979-6276,mleschellect@last.fm
463,"Cremin, Oberbrunner and Ernser",1107 Magdeline Way,0009-0013,739-407-0111,cjeanneaucu@over-blog.com
464,Okuneva and Sons,32831 Ramsey Avenue,55910-571,346-937-0469,atonbridgecv@yolasite.com
465,Upton LLC,8 Trailsway Terrace,63323-010,730-596-4225,bjakewaycw@istockphoto.com
466,Hand and Sons,1487 Claremont Point,50845-0206,869-928-9487,latchesoncx@elpais.com
467,Trantow-Boehm,6814 Duke Crossing,37000-103,942-722-5375,mboothebiecy@tmall.com
468,Funk-Cummerata,8470 Maryland Circle,54868-3837,850-653-9632,nebsworthcz@de.vu
469,Carroll-Walsh,67499 Oak Valley Junction,67996-938,675-927-2977,jcoeyd0@statcounter.com
470,"Fisher, Schimmel and Pollich",050 Mifflin Pass,61355-570,285-873-7919,ncudbyd1@wix.com
471,Torphy-Jast,32 Bartelt Center,60429-507,593-317-2846,vcawthornd2@mapy.cz
472,Hauck and Sons,1527 Petterle Plaza,49817-0054,118-371-8122,egiottoid3@bbc.co.uk
473,Hirthe Inc,19507 Chinook Place,0591-0426,213-593-3136,hkarpmand4@addtoany.com
474,"Zemlak, Heidenreich and Wintheiser",3 Farmco Parkway,41520-410,528-203-6100,mtrottond5@devhub.com
475,"Koch, Kiehn and Collins",2 Butternut Parkway,11822-0500,113-659-5247,hrosengartd6@mozilla.org
476,"Bernhard, Witting and Emmerich",6 Pankratz Court,63629-3328,689-839-8426,rbeddingd7@twitpic.com
477,"Ward, Crona and Wolf",69 Birchwood Lane,59316-101,101-673-2374,sriseboroughd8@sun.com
478,"Collier, Ziemann and Renner",744 Brickson Park Center,51444-004,515-920-2287,jfeatherd9@wikipedia.org
479,"King, Gorczany and Pouros",848 Fisk Trail,76340-1001,395-897-1798,dghelarduccida@twitter.com
480,"Wehner, Morar and Nolan",7995 Fair Oaks Road,58368-001,541-997-6554,bdeningtondb@ameblo.jp
481,Lind-Yundt,0 Northfield Plaza,11822-3724,687-341-5137,ptrobeydc@miitbeian.gov.cn
482,Feeney-Kemmer,2742 Myrtle Lane,65044-5049,545-488-3753,rgaultdd@eepurl.com
483,Carroll-Mayert,28702 Orin Way,50076-300,165-579-1057,agregorinde@mail.ru
484,"Greenholt, Hand and Erdman",5 American Ash Court,36987-1666,622-690-9350,aferenczdf@hugedomains.com
485,Anderson-Bashirian,8 Melody Way,43645-112,249-889-1920,dashbedg@cornell.edu
486,Cormier-Kulas,89543 Donald Terrace,0031-8694,277-592-4474,dclareydh@kickstarter.com
487,"O'Conner, Walter and Jacobi",427 Carioca Junction,49349-821,356-637-8929,rellinghamdi@usa.gov
488,MacGyver and Sons,06 Gerald Court,52584-269,907-972-2083,jcawsydj@wunderground.com
489,Schowalter Inc,72697 Coleman Pass,63629-3383,876-268-2782,lrothwelldk@reference.com
490,"Rath, Cartwright and Cartwright",9 Spaight Terrace,36987-2450,897-390-4524,abridgnelldl@list-manage.com
491,"Stokes, Swaniawski and Feest",73544 Colorado Place,11673-498,628-286-8190,eteresadm@psu.edu
492,Bashirian LLC,54537 Mccormick Avenue,36987-3215,714-170-1656,mshealsdn@tuttocitta.it
493,"Kub, Windler and Shanahan",5730 Lerdahl Trail,0093-7182,585-996-8313,mnorssisterdo@blog.com
494,"Rutherford, Bartell and Moore",6675 Riverside Alley,58232-0039,592-883-4977,rvernaydp@dagondesign.com
495,Dibbert-Marvin,379 Florence Street,0603-1536,581-178-6089,ogadauddq@oaic.gov.au
496,Runte Inc,512 Oak Valley Park,0268-1253,529-559-8445,wcassedydr@chicagotribune.com
497,Purdy-Kuhic,695 Gina Alley,61786-023,373-841-3814,dnucciottids@goo.gl
498,"Lockman, Bernhard and Kessler",5 Hallows Lane,54868-5256,165-715-4405,waburrowdt@w3.org
499,"Fadel, Mitchell and Bins",659 Hoffman Junction,0944-4351,371-236-9139,carmigerdu@51.la
500,Pfannerstill and Sons,85840 Rutledge Plaza,55648-554,197-112-1104,jpardaldv@netvibes.com
501,"Stoltenberg, Boyer and Mertz",14075 4th Crossing,54569-0294,670-761-8764,ocuerdw@hc360.com
502,Littel LLC,752 Roth Place,68016-011,652-591-2970,tgrishechkindx@hud.gov
503,"Hessel, Deckow and Rolfson",698 Express Junction,76329-1240,246-849-3511,lbrisdy@google.ca
504,"Kulas, Lebsack and McLaughlin",16 Helena Alley,54473-203,681-481-6494,lmallinderdz@arizona.edu
505,Pouros-Bartoletti,48 Surrey Circle,42507-428,533-504-8620,bbirdene0@creativecommons.org
506,Goyette Inc,466 Jenna Parkway,52533-011,226-209-4943,mohengertye1@apple.com
507,"Cartwright, Rath and Lakin",5 Maple Wood Avenue,35356-747,977-938-9782,kbrandhardye2@seesaa.net
508,"Cartwright, Rippin and Quigley",8 Pierstorff Parkway,49035-240,929-155-1088,jhalliburtone3@com.com
509,Cole and Sons,4 Jenna Way,0573-0174,873-188-1857,mragote4@china.com.cn
510,"Gaylord, Buckridge and O'Reilly",71069 Scofield Lane,30698-449,768-745-4281,kbraidone5@who.int
511,"Grady, Hahn and Shanahan",7178 International Drive,67938-0858,412-799-5265,vtellwrighte6@statcounter.com
512,Lueilwitz-Schinner,16731 Prairie Rose Circle,35356-813,886-816-2987,jmattiessene7@is.gd
513,Stiedemann-Romaguera,030 Ridgeway Way,42421-618,309-831-3547,pglanerte8@shareasale.com
514,Sanford LLC,012 Corscot Hill,47781-208,508-442-3469,dlamsheade9@amazon.de
515,Ebert Group,76 Stoughton Circle,54973-0606,137-165-4858,thowisonea@google.fr
516,"Stiedemann, Armstrong and Stiedemann",66 Victoria Hill,0168-0080,554-881-6239,kheeroneb@npr.org
517,"Abernathy, McGlynn and Waelchi",8 Bultman Place,65483-991,855-478-0657,mvisickec@ftc.gov
518,Bosco LLC,20752 Blue Bill Park Way,60681-2111,121-207-3285,spittocked@prlog.org
519,Greenholt Group,553 Lighthouse Bay Way,43074-105,818-898-0840,fespee@howstuffworks.com
520,Smitham-Wehner,3 4th Hill,63629-3177,626-274-6843,mkanteref@rambler.ru
521,Adams-Schoen,69214 Forest Trail,0944-2802,893-323-9339,dgoncaloeg@topsy.com
522,Effertz Inc,05746 Oxford Center,43378-101,257-385-0252,stomainieh@fc2.com
523,Runolfsdottir Group,4 Bultman Avenue,49349-663,357-233-5493,rlengthornei@statcounter.com
524,Wilderman Group,82 Warner Place,51143-092,323-854-9478,pwroutej@addtoany.com
525,"Baumbach, Morissette and Stoltenberg",479 Commercial Center,0904-5990,605-194-5921,icarlisiek@foxnews.com
526,Ward-Grimes,368 Columbus Court,68151-0184,416-333-0774,jlandyel@netlog.com
527,Labadie and Sons,50589 Orin Drive,76398-001,581-146-3716,aflowerem@vinaora.com
528,"Bernhard, Rau and Morissette",1 Kingsford Terrace,10586-9102,828-603-8236,priggulsforden@hugedomains.com
529,Kerluke-Marquardt,880 Debs Parkway,36987-2939,556-931-2489,mrothereo@163.com
530,Okuneva-Schamberger,1 Bellgrove Place,41163-246,812-820-0093,cchicchettoep@telegraph.co.uk
531,Schimmel-Howell,5 Oriole Way,59779-660,670-124-4998,umccaddeneq@usnews.com
532,Feeney-Torphy,94 Barby Crossing,10812-002,668-939-3488,wjudder@google.es
533,Hilpert-Barton,98 Jay Drive,63629-3633,203-982-0924,ztenauntes@unblog.fr
534,"Goldner, Lakin and Tromp",6929 Sommers Street,51720-734,759-114-2271,mmcerlaineet@oracle.com
535,"Ruecker, McClure and Jerde",03817 Center Pass,11822-0456,866-404-7138,fhasleyeu@harvard.edu
536,"Muller, Conroy and Goyette",9 Pond Center,16590-170,820-156-9033,tcavillev@canalblog.com
537,Bayer LLC,5767 Oxford Center,0268-6610,809-392-4177,nellinorew@cbsnews.com
538,"Romaguera, Fadel and Zieme",2175 Butterfield Circle,0268-0626,918-162-6067,dmcquirterex@ocn.ne.jp
539,"Champlin, Pfannerstill and Kemmer",7 Doe Crossing Alley,0268-0885,540-674-2243,wwicksteadey@opensource.org
540,Dickinson Inc,79 Forest Junction,63323-351,560-304-9145,hinsleyez@ucoz.com
541,"McLaughlin, Blanda and Fritsch",778 Pleasure Avenue,55714-4505,294-936-0191,kgreiserf0@ocn.ne.jp
542,Grimes LLC,1857 Sauthoff Lane,55566-8505,367-939-5650,lcasonif1@imageshack.us
543,"Carroll, Satterfield and Cole",71961 Prairie Rose Terrace,63354-615,197-551-9202,echifneyf2@state.gov
544,Roberts-Kulas,41 Kinsman Circle,21695-232,474-722-6285,bwoolensf3@istockphoto.com
545,Towne and Sons,5185 Texas Trail,0904-2533,874-417-1687,bwennamf4@google.it
546,Daniel-Okuneva,43160 Hauk Drive,0225-0360,584-609-9556,gcleimentf5@seattletimes.com
547,Mann and Sons,22608 Stoughton Lane,54458-883,853-500-8946,lfaichnief6@cargocollective.com
548,Rohan-Tromp,1355 Jenna Junction,51655-955,760-724-0536,jceresaf7@weather.com
549,Schuster and Sons,11831 Oakridge Park,24385-608,237-449-0114,cruosf8@blogspot.com
550,Carroll-Flatley,477 Waubesa Pass,60760-433,202-666-4531,cdanellf9@bluehost.com
551,"Gorczany, Flatley and Price",4316 Charing Cross Place,50804-005,497-164-8444,malawayfa@bloomberg.com
552,"Mann, Connelly and Hessel",28778 Annamark Way,0781-6141,654-690-0255,agerattfb@yellowpages.com
553,"Mayer, Gerlach and Kihn",14603 Ohio Court,10202-259,932-379-3605,bfaderfc@army.mil
554,Orn-Dietrich,7 Mayer Hill,10424-165,822-946-3597,ageorgievskifd@simplemachines.org
555,Glover-Kuphal,42032 3rd Plaza,0378-6201,983-603-3547,eallflattfe@amazonaws.com
556,Doyle and Sons,30 Merry Way,76420-944,874-169-8387,jgaukrodgeff@mac.com
557,Schuppe-Champlin,7 Di Loreto Crossing,10812-383,846-362-8125,lcaccavarifg@mediafire.com
558,Auer-Mann,12635 Larry Way,41163-411,330-942-8545,bredgewellfh@yolasite.com
559,"Waters, Feest and Skiles",5 Maple Wood Street,0316-7401,212-652-5074,tsaterthwaitfi@dailymotion.com
560,Kunde Group,22149 Ronald Regan Center,41167-0085,249-513-0315,barnifj@skype.com
561,Macejkovic-Heller,3609 Valley Edge Lane,58118-0017,915-630-6215,lnouryfk@istockphoto.com
562,"Heidenreich, Lind and Wisoky",9703 Johnson Point,68391-669,803-403-2186,jeulerfl@theguardian.com
563,Harris and Sons,368 Petterle Point,49999-207,178-123-0772,amounterfm@hibu.com
564,Lynch-Volkman,4 Forest Dale Way,54868-4974,133-290-5955,dconyersfn@answers.com
565,"Rohan, Blanda and McKenzie",1785 Welch Avenue,70253-299,944-263-0709,clabounefo@webeden.co.uk
566,Casper-Tillman,45007 Rigney Alley,63739-264,301-587-0490,bcorbishleyfp@google.de
567,"Abernathy, Pfeffer and Connelly",4526 Summerview Avenue,0268-6691,585-238-7301,mkeefefq@wikia.com
568,"McKenzie, Breitenberg and Muller",5767 Hauk Point,37205-735,596-841-6568,fsirmanfr@seattletimes.com
569,Sipes Inc,0 Canary Terrace,69097-148,757-721-7473,trowswellfs@gnu.org
570,Hauck and Sons,970 Cardinal Court,10056-704,112-863-4903,bdominiqueft@oaic.gov.au
571,Murazik and Sons,10 Luster Way,11559-746,907-581-6635,pespadafu@apple.com
572,Keebler and Sons,8 Linden Plaza,49348-984,102-140-1093,fgiuronfv@purevolume.com
573,"Block, Kessler and Kihn",1641 Westend Place,63736-002,416-175-2395,agillisefw@opensource.org
574,"Satterfield, Cassin and Torp",5 Gulseth Alley,51991-457,814-915-7559,ltanseyfx@dailymotion.com
575,Balistreri-Carter,7710 Hoard Road,41520-172,846-528-6450,rygoefy@admin.ch
576,"Crona, Gibson and Quitzon",86 Blackbird Hill,43547-258,108-667-9900,lspensleyfz@tiny.cc
577,O'Connell-Ebert,473 Sommers Court,60951-700,143-904-5703,abiscombg0@hugedomains.com
578,Price LLC,52406 Florence Avenue,36000-064,783-724-0761,igleaveg1@bloomberg.com
579,Kautzer and Sons,21 Division Alley,67777-231,632-752-5262,rglassborowg2@goodreads.com
580,Streich-Beatty,5 Dayton Center,0378-3547,545-138-1868,tbohlg3@ustream.tv
581,"Yundt, Frami and Bergnaum",545 Becker Parkway,46994-047,974-214-3419,obiniong4@photobucket.com
582,"Metz, Rowe and Ruecker",41285 Autumn Leaf Avenue,52125-600,123-227-3030,sbrannog5@timesonline.co.uk
583,Heidenreich and Sons,7 Blaine Avenue,47335-909,714-663-1218,dpolakg6@oracle.com
584,Cummings-Gerhold,83 Cambridge Avenue,0115-1525,155-204-7954,mskulletg7@nifty.com
585,"Mohr, Stark and Parisian",21572 Homewood Plaza,51393-7566,424-391-8948,tbresnerg8@flickr.com
586,"Heaney, Hamill and Moen",541 Knutson Hill,53807-123,274-556-7245,bfrancag9@issuu.com
587,"Schuster, Dietrich and Beatty",5 Carey Crossing,39313-006,830-147-4684,bebiga@springer.com
588,"Gerlach, Runte and Kihn",76 Tennyson Lane,55714-4450,455-424-5984,aagettgb@nydailynews.com
589,Quigley-Larson,58 Anthes Street,54295-311,563-820-2793,obrigginshawgc@wufoo.com
590,Emard-Zulauf,7 Union Drive,30142-861,519-361-9362,gmckeemangd@virginia.edu
591,Balistreri Group,3762 Manitowish Circle,64942-1074,628-513-9157,kantonioge@amazonaws.com
592,Lueilwitz-Hand,14 Sage Court,68784-102,653-285-7792,mfigliovannigf@dot.gov
593,Grady Group,60 Vermont Drive,0904-4277,314-820-1745,mfinlatergg@globo.com
594,Bernier-Nader,5 Village Green Place,63629-3373,358-895-3579,wgwatkingh@live.com
595,Conroy-Johns,035 Paget Center,36800-133,528-181-8320,cellulgi@elegantthemes.com
596,"Moore, Tillman and Gulgowski",24844 Gulseth Plaza,0069-4200,162-916-8302,blamballgj@gravatar.com
597,Boyle-Hansen,448 Melby Park,49349-931,673-483-7308,plangsdongk@about.com
598,"Ledner, Koepp and Towne",9 Colorado Junction,36987-1583,537-170-4045,eextilgl@dailymail.co.uk
599,Kunde-Abshire,07 Calypso Street,58892-125,525-877-5287,elabongm@ask.com
600,"Daniel, McGlynn and Hickle",3 Sommers Drive,36987-3409,502-848-7112,akinniergn@chicagotribune.com
601,Lockman-Blanda,747 Green Parkway,63850-0022,400-415-5922,aluckcuckgo@earthlink.net
602,Fritsch-Runte,2064 Jana Place,0268-0173,602-457-5339,bhindrickgp@nsw.gov.au
603,"Spinka, Dare and Morissette",9768 Randy Alley,49288-0261,222-237-9757,sbirtwhistlegq@npr.org
604,Terry and Sons,4579 Sunfield Trail,54575-438,674-326-1045,heglaisegr@bluehost.com
605,Schowalter and Sons,80 Mifflin Road,42291-687,774-732-7182,dhadleighgs@usatoday.com
606,Nitzsche and Sons,73887 Warner Street,55154-1408,559-735-6369,gdaycegt@go.com
607,Langosh Group,6 Petterle Pass,42549-641,611-659-9565,areddellgu@wired.com
608,"Mraz, Botsford and Rogahn",31921 Lunder Avenue,55289-273,565-943-7050,mpeperellgv@example.com
609,Mayert Inc,367 Huxley Parkway,55714-4565,424-436-6640,gratleegw@ucsd.edu
610,Fadel LLC,953 Banding Center,43598-305,800-883-2194,slamswoodgx@icio.us
611,Moore-Gusikowski,0691 Elka Circle,57344-133,938-411-7899,gmattengy@netscape.com
612,Langworth-Dietrich,81 1st Park,0023-3205,190-689-7121,oecclesallgz@jalbum.net
613,Denesik-Stamm,394 Warrior Center,24477-040,726-152-2182,vdilonh0@4shared.com
614,"Schuster, Robel and Beier",56 Heffernan Crossing,0615-7773,449-719-3123,mjellardh1@studiopress.com
615,Jacobs Inc,6 Ohio Way,55714-2329,885-335-5211,krickellh2@t.co
616,Smitham and Sons,92590 Lien Parkway,59779-394,661-918-4871,rsemeredh3@omniture.com
617,"Conn, Hand and Lebsack",921 Mallard Point,63981-517,615-462-7539,jdavidh4@mysql.com
618,"Rice, Bins and Treutel",7369 Westport Point,76329-1469,895-138-6365,niwanowiczh5@squarespace.com
619,"Flatley, Deckow and Balistreri",872 Rieder Road,0463-6141,127-281-9736,hbeddish6@dot.gov
620,Greenfelder-Ryan,84019 David Parkway,23710-035,848-869-6762,jheinsenh7@barnesandnoble.com
621,Gaylord and Sons,08 Bultman Parkway,0054-3185,600-680-3687,chagueh8@list-manage.com
622,Leannon-Ankunding,65875 Northland Circle,13630-0037,440-700-5790,smartinonh9@noaa.gov
623,Frami Inc,7 Nova Point,68788-0384,678-998-4887,hrunchmanha@timesonline.co.uk
624,Cronin and Sons,78732 Dovetail Pass,30142-938,161-257-9098,aplessinghb@google.com.au
625,Kessler Group,269 Fieldstone Drive,0186-1087,909-321-4656,gtatlowhc@who.int
626,"Nolan, Herzog and Bartell",040 Annamark Court,47335-953,997-446-3481,ctremoulethd@php.net
627,Grant Inc,016 Pine View Park,62750-026,976-385-6152,cfairleyhe@cafepress.com
628,"Heller, Hoppe and Osinski",925 Surrey Trail,55648-775,731-161-9783,hcanetehf@de.vu
629,"Durgan, Lockman and Hahn",99 Buhler Place,50458-861,895-975-6522,abrecknockhg@icio.us
630,Lowe Group,700 Lukken Center,0904-5993,156-113-6000,jfritzhh@sbwire.com
631,Schuster-Metz,8 Lake View Avenue,63629-4638,755-871-9537,kbaudinethi@wiley.com
632,"Ankunding, Kshlerin and Mayer",43 Meadow Vale Crossing,54575-924,796-970-1278,aadamekhj@forbes.com
633,Weimann-Farrell,968 Killdeer Street,49643-352,529-908-3801,bmullarkeyhk@usda.gov
634,Bradtke-Senger,38 Vahlen Alley,10812-418,913-825-3988,dmoylerhl@fc2.com
635,Grady Inc,67021 Westridge Avenue,49967-032,524-150-6246,kbrackleyhm@adobe.com
636,Ebert Inc,7 Division Way,42747-226,739-836-0449,lbroadburyhn@scribd.com
637,Corwin LLC,48808 Acker Park,58479-006,574-484-5176,feadmeadesho@google.nl
638,Renner-Willms,04 Bellgrove Parkway,52960-201,574-878-4752,aimmhp@delicious.com
639,"Mohr, Collier and Jaskolski",21458 Miller Center,0781-1359,740-139-4177,jspreadhq@yellowpages.com
640,Reynolds Inc,347 Clove Place,62600-110,111-639-0859,jcorphr@ucoz.com
641,Welch Group,97 New Castle Circle,57297-201,339-675-9265,dmurisonhs@theguardian.com
642,"Wilkinson, Romaguera and Stanton",466 Ronald Regan Avenue,51514-0215,300-885-6209,jhumfreyht@g.co
643,"Dickinson, Howell and Senger",7 Mayer Terrace,10819-1080,109-548-4756,ndownagehu@webs.com
644,Emmerich-Jacobs,7533 Sutteridge Hill,59898-500,341-683-3027,adalehv@drupal.org
645,Harber-McCullough,17 Trailsway Place,63304-828,536-870-1468,bbullierhw@mtv.com
646,Morissette Inc,780 Transport Terrace,53942-072,755-801-1074,ajanoshx@spiegel.de
647,Mann Inc,57553 Grim Terrace,0781-5514,123-796-4412,hhanveyhy@nifty.com
648,Hammes Group,009 Paget Pass,0074-3287,555-573-6718,tfaveryearhz@cdbaby.com
649,"Marvin, Macejkovic and O'Keefe",1059 Havey Point,61314-355,651-649-7201,ububeari0@a8.net
650,Bruen-Hessel,0976 Longview Pass,10157-9826,646-447-9007,jmiltonwhitei1@washingtonpost.com
651,Cartwright-McCullough,26536 Charing Cross Point,60681-6200,215-824-7525,lbrosii2@privacy.gov.au
652,Wilderman-Shanahan,5347 Clove Point,0268-6230,927-221-7851,eaylmeri3@usda.gov
653,"Walker, Bradtke and Zboncak",97938 Barby Alley,0268-6114,142-506-0239,sboguei4@nba.com
654,Quitzon-Corwin,08345 Raven Center,62802-650,745-906-2054,rgreenstreeti5@economist.com
655,"Mayer, Beier and Hermiston",7 Oriole Circle,0268-6314,692-898-8713,hmathei6@craigslist.org
656,"Stanton, Sawayn and Johns",31114 Aberg Road,42023-151,611-981-1084,autleyi7@geocities.jp
657,"Beatty, Pacocha and Mayer",35600 Melvin Way,41520-205,116-657-5840,eheisi8@theguardian.com
658,Ortiz Group,385 Welch Place,61919-296,194-227-5036,wallanbyi9@bbc.co.uk
659,Johnson-Erdman,359 Blackbird Circle,60512-9055,992-973-1885,tlechelleia@php.net
660,"Kuvalis, Gottlieb and Koch",0 Cascade Lane,49527-030,151-834-6972,lwakeleyib@google.co.uk
661,Hartmann Group,245 Sugar Plaza,42508-161,958-454-8705,ibimsonic@nba.com
662,O'Connell Group,7 Surrey Plaza,52685-360,719-749-4011,egareid@nyu.edu
663,Corwin Group,5144 Eagan Junction,0093-1041,799-477-1435,tframptonie@purevolume.com
664,Conroy-Durgan,373 Dawn Court,33992-0519,313-739-6460,jpoyleif@businessweek.com
665,Bechtelar-Kiehn,54 Graedel Point,0041-1420,257-998-8111,jvoletteig@umn.edu
666,"Heathcote, O'Kon and Cole",3 Florence Terrace,10157-9835,634-477-5429,prounsefullih@friendfeed.com
667,Simonis-Collier,943 Mendota Pass,24236-110,483-117-7770,efennyii@t-online.de
668,Corwin-Waelchi,8 Dayton Avenue,54868-6273,433-582-0138,ndsouzaij@tiny.cc
669,"Zemlak, Conroy and Kautzer",49 Crowley Parkway,51346-037,860-491-4023,ewinspearik@fda.gov
670,Doyle Group,768 Gulseth Alley,0069-0173,249-457-2319,hmanssueril@cloudflare.com
671,"Hermann, Raynor and Bosco",611 Hazelcrest Crossing,0573-0246,495-986-7809,ggommoweim@meetup.com
672,Schroeder-O'Connell,6276 Dahle Court,59535-8401,439-143-7385,pballstonin@tripadvisor.com
673,Walker and Sons,9476 Mitchell Hill,30142-282,213-191-2689,cfryio@friendfeed.com
674,Ruecker Group,57 Gale Trail,53187-242,259-946-8833,bdunkinsonip@prweb.com
675,Keebler and Sons,9 Kipling Avenue,66975-356,162-389-2438,mgoodbarneiq@geocities.jp
676,"Bernier, Walter and Aufderhar",97050 Macpherson Hill,21130-292,271-445-1759,mcoateir@umich.edu
677,"Bartell, Erdman and Fritsch",54 Katie Trail,11410-210,995-777-6853,bnoahis@go.com
678,Shanahan and Sons,04 Helena Alley,11822-0944,253-447-5238,tparmiterit@bing.com
679,Bayer Group,21 Brown Plaza,43353-323,344-178-9107,pkeetleyiu@surveymonkey.com
680,"Schaden, Smith and Cole",0 Basil Parkway,55319-376,414-644-9027,kvanhoveiv@prnewswire.com
681,Abernathy-Flatley,8117 Homewood Alley,41250-927,559-572-9601,cshetliffiw@ezinearticles.com
682,"Walsh, Casper and Windler",2 Kennedy Drive,63187-116,793-323-8831,gblaziix@imgur.com
683,Ziemann-Baumbach,831 Basil Drive,24090-961,421-248-0877,mhalgarthiy@imgur.com
684,Greenfelder Inc,3 Lighthouse Bay Drive,69097-157,966-689-0695,emurrowiz@umn.edu
685,Ryan-McLaughlin,162 Lerdahl Park,53746-052,282-912-1249,bkolczynskij0@hatena.ne.jp
686,Gleichner-Nolan,9 Grasskamp Street,55154-3342,484-825-7484,vlovewellj1@csmonitor.com
687,Boehm Inc,2153 Rigney Alley,46123-019,489-346-1725,tvalettj2@cdbaby.com
688,Schimmel LLC,892 East Way,58232-0066,728-879-7116,focarneyj3@thetimes.co.uk
689,Lockman-Feeney,98 International Terrace,61442-201,137-638-3676,gbattsj4@ifeng.com
690,Dicki LLC,7 High Crossing Crossing,68382-543,163-730-3271,nborgesj5@techcrunch.com
691,Kassulke Group,28925 Cordelia Lane,49348-937,635-313-9847,pbartusekj6@about.com
692,Reichert-Bosco,963 Fairfield Plaza,52125-969,331-378-4665,alarawayj7@nba.com
693,"Sawayn, Wisoky and Reynolds",7 Basil Way,55253-276,675-661-2412,rfortenj8@vistaprint.com
694,"Olson, Fadel and Stamm",5 Cordelia Plaza,64380-744,241-711-1807,lhinkleyj9@goodreads.com
695,"Glover, Collins and Walsh",84016 Maywood Pass,62257-012,815-408-7642,misworthja@spiegel.de
696,Waters LLC,72148 Pawling Drive,59667-0043,124-724-1028,amitrojb@cdc.gov
697,Berge LLC,98625 Del Mar Alley,65044-1544,694-267-1871,ymenerejc@trellian.com
698,Reichert-Emard,48883 Golf Course Crossing,43353-864,538-421-3254,ckohlermanjd@nih.gov
699,"Abshire, Rolfson and Stark",9267 Atwood Center,55566-5020,204-902-6782,rduckerinje@hibu.com
700,Bergstrom-Durgan,1024 Stoughton Point,55154-0534,441-448-9939,ahatchmanjf@twitpic.com
701,Moen-Harris,07 Butternut Junction,0178-0500,434-425-7397,dmawsonjg@paginegialle.it
702,Gerlach-Kulas,2 Hansons Junction,10191-1457,672-798-2007,paskiejh@ebay.co.uk
703,Bednar-Lang,75 Pearson Street,54868-3165,890-779-9197,wewolsji@indiatimes.com
704,"Kling, O'Keefe and Hagenes",046 Vahlen Point,49288-0685,302-756-5654,wcarpenterjj@redcross.org
705,"Bednar, Farrell and Windler",1 Anniversary Avenue,54868-5962,334-549-7823,ksteinhamjk@toplist.cz
706,Morissette-Littel,023 Bobwhite Point,49349-562,880-656-6617,dbleibaumjl@addthis.com
707,Roob Group,7 Blackbird Center,66336-571,366-624-3867,aapedailejm@cafepress.com
708,Rippin-Bernier,52 Artisan Plaza,37205-302,341-754-9143,eborgnetjn@google.it
709,Goldner-Gislason,55988 Burning Wood Hill,53808-0682,345-992-2471,sheeranjo@google.it
710,Heaney-Funk,449 Banding Center,49349-938,409-188-1364,efraysjp@tmall.com
711,Casper-Bailey,712 Stang Plaza,41163-201,551-929-5728,cbroadbentjq@rakuten.co.jp
712,"Spencer, Haag and Kassulke",5482 Darwin Circle,64942-1018,908-273-7664,jserrierjr@mapy.cz
713,Grant LLC,7 Loftsgordon Lane,68382-341,508-477-7663,hjammejs@webmd.com
714,Kassulke-Spencer,848 Delladonna Avenue,33261-870,875-689-4489,fblasiusjt@businesswire.com
715,Blick-Roob,47 Little Fleur Alley,30142-057,148-731-7584,crochelleju@imageshack.us
716,"Goyette, Marquardt and Walker",47 Mandrake Drive,43742-0469,371-232-7522,emorgansjv@si.edu
717,Satterfield Group,08 Killdeer Road,0615-6585,349-238-8531,bbrisjw@ucoz.ru
718,Beier LLC,73540 Dennis Hill,67457-396,786-949-5089,bmusellijx@discuz.net
719,Zieme Inc,8 Green Ridge Center,49981-001,949-331-7945,jgrimwadejy@blogspot.com
720,"Price, Lakin and Hermann",98 Eastlawn Drive,51628-3636,419-642-1467,bdugglebyjz@meetup.com
721,"Bruen, Towne and Roob",61 American Terrace,63824-213,384-870-9323,tquartlyk0@state.tx.us
722,Grimes and Sons,4864 Walton Street,24236-271,782-302-5904,plivickk1@soundcloud.com
723,"Jones, Gislason and Gorczany",6050 Sherman Plaza,16590-304,687-950-5853,wromainek2@webnode.com
724,Von LLC,012 Derek Drive,59779-419,836-504-2765,mkerik3@example.com
725,Welch LLC,65 Prairie Rose Point,59535-2001,614-452-8109,rturgoosek4@weibo.com
726,"Ullrich, Collins and Tillman",48220 Coleman Center,21695-792,100-659-8706,jcicchillok5@google.nl
727,Wisoky and Sons,04 Hansons Crossing,52685-386,744-514-8576,lcabralk6@stumbleupon.com
728,Jaskolski-Legros,73080 Haas Place,44911-0084,974-565-5365,pdavidovick7@ted.com
729,Keebler-Macejkovic,9 Buhler Hill,0093-5347,427-311-3471,apestork8@mac.com
730,Okuneva-Weissnat,59 Spohn Junction,33261-441,175-684-9396,eholcroftk9@scribd.com
731,Cronin and Sons,74 Schlimgen Drive,36987-3110,275-596-9231,iberrisfordka@deliciousdays.com
732,Bode Group,9 Drewry Alley,10812-152,403-158-0089,jspurdlekb@diigo.com
733,Goodwin-Wuckert,7540 Amoth Crossing,55714-4593,713-764-6329,jcostikc@unicef.org
734,Hackett-Wolff,3462 Bobwhite Junction,62756-299,329-444-5898,mraveluskd@indiatimes.com
735,Bednar-Cartwright,8 Ridgeway Park,61047-813,359-834-2114,ablasettike@infoseek.co.jp
736,Funk Inc,9973 Laurel Park,0316-1005,205-123-2882,mzealekf@bing.com
737,Sanford LLC,581 Waxwing Trail,63304-168,532-868-0980,bhiggonetkg@macromedia.com
738,Heathcote-Osinski,772 Vahlen Crossing,24236-621,486-511-4784,jtopliskh@diigo.com
739,Thiel-Romaguera,6 Southridge Street,63240-5001,233-712-0697,knovotneki@mozilla.org
740,Larkin-Ernser,84 Hooker Hill,63776-250,736-162-8812,vlyvonkj@zimbio.com
741,Shanahan Group,65 Homewood Hill,36987-3283,253-284-3532,lpinnellkk@imageshack.us
742,"Toy, Luettgen and Bernhard",89 Amoth Place,76335-006,323-201-1962,jsouthgatekl@jimdo.com
743,Wolf LLC,80 South Alley,50845-0092,619-821-6276,nstroudkm@engadget.com
744,Rohan-Ward,377 Sherman Center,51523-029,381-219-7625,tlohmeyerkn@cbc.ca
745,Block LLC,4 Blue Bill Park Drive,0113-9458,975-620-6363,kmcorkillko@joomla.org
746,Purdy-Leffler,334 Welch Drive,76204-600,448-179-8181,iakisterkp@themeforest.net
747,"Padberg, Dach and Fritsch",316 Logan Circle,37205-538,577-756-8157,strewinnardkq@mapy.cz
748,Hickle-Cummerata,8 Lillian Crossing,37808-742,249-730-1339,khindsbergkr@qq.com
749,"McLaughlin, Ondricka and Sipes",6 Manley Pass,56104-002,967-792-5403,nlacasaks@census.gov
750,Ferry-Rowe,0493 Moulton Circle,65517-2002,966-872-3339,ableezekt@hibu.com
751,Krajcik-Morar,55215 Grim Plaza,50458-659,289-763-2773,hcoxwellku@shareasale.com
752,"Douglas, Hermiston and Marquardt",2358 Pearson Terrace,0268-0821,510-924-1996,bmarlingkv@illinois.edu
753,"Welch, Breitenberg and Smitham",183 4th Circle,48951-4101,624-526-2993,fmacnultykw@liveinternet.ru
754,"Davis, Fahey and Muller",55642 Graceland Trail,13537-356,802-994-5622,moakenfieldkx@booking.com
755,Glover-Zemlak,8642 Schlimgen Hill,66977-117,875-967-7391,vclementucciky@theguardian.com
756,"Blanda, Altenwerth and Brekke",58 Gerald Place,37000-797,554-614-1930,kginnellykz@google.fr
757,"Gulgowski, Renner and Gibson",2 Warrior Road,55289-125,109-572-2367,cpinillal0@hostgator.com
758,Trantow-Braun,48 Truax Drive,65044-3116,448-714-4037,ageraldinil1@upenn.edu
759,"Hane, Gerhold and Zieme",0 Golf View Point,42023-139,346-249-2838,jkitneyl2@sourceforge.net
760,Volkman LLC,41205 Del Sol Street,37808-031,529-848-4405,stonerl3@ibm.com
761,Haag and Sons,135 Rusk Park,57520-0258,923-666-2433,aedrichl4@bbc.co.uk
762,Rodriguez Group,0604 Iowa Parkway,51824-018,974-907-0596,sdagostinol5@noaa.gov
763,Anderson-Wiegand,43 Longview Road,43353-814,918-930-3292,agerlerl6@drupal.org
764,Watsica-Davis,4823 Bluestem Road,62106-006,860-893-5181,rwoolhaml7@free.fr
765,Mueller Inc,7602 Monument Avenue,55648-669,330-400-4064,jorreyl8@whitehouse.gov
766,"Hills, Hahn and Kilback",3383 Westridge Street,52982-105,965-836-5277,dalasdairl9@trellian.com
767,Legros-Ferry,79 Hanson Place,55154-2364,155-483-3400,rtraytonla@jalbum.net
768,"McGlynn, Lang and Aufderhar",484 Lakewood Road,42549-546,587-491-9366,vdomeneylb@nationalgeographic.com
769,Nitzsche Inc,7 Anderson Street,58118-5209,327-521-4878,ffostonlc@woothemes.com
770,Hettinger-Little,24206 Golf Alley,42794-006,211-570-9719,aleebetterld@pen.io
771,Boehm-Kutch,9533 Hudson Road,0781-2672,913-794-9736,ldottridgele@skype.com
772,Padberg LLC,552 Pearson Circle,43419-026,321-520-0939,kcoumbelf@pinterest.com
773,Jacobson LLC,60 Kenwood Pass,59779-229,733-365-1200,jsimeonelg@house.gov
774,Rodriguez and Sons,92179 Montana Alley,23155-124,865-196-2421,cgleetonlh@histats.com
775,Hilll-Hahn,9 Longview Crossing,0173-0843,639-671-9630,fandriesseli@fotki.com
776,Smith-Labadie,3 Florence Lane,44924-113,912-207-3268,xguenylj@vistaprint.com
777,Huels-Nader,1085 Lillian Way,36987-2773,518-180-2107,ebreedslk@ox.ac.uk
778,Reinger LLC,91559 Buhler Hill,24385-322,605-899-7133,pfarlowll@trellian.com
779,"Turner, Smitham and Boyer",404 Cambridge Way,51327-200,518-375-9428,yvasilchenkolm@state.gov
780,Franecki-Murphy,046 La Follette Crossing,67510-0506,129-961-5505,acarnieln@mac.com
781,"Altenwerth, Feeney and Runolfsdottir",3002 Holmberg Trail,16252-598,246-212-0956,wharmourlo@umn.edu
782,O'Connell-Greenfelder,6867 Butterfield Circle,0603-1550,140-103-3549,abickerstafflp@flickr.com
783,Rohan-Kunze,46 Talisman Pass,0409-2308,162-595-8003,msargisonlq@comsenz.com
784,Hyatt-Stanton,82 Fieldstone Crossing,42421-419,460-625-7149,abrahmlr@sogou.com
785,Larkin-Johnson,77567 Jackson Hill,37808-390,334-261-5574,gtiftls@tiny.cc
786,Hudson-Morar,390 Nancy Trail,42291-337,920-727-3154,chitterlt@ftc.gov
787,"Ritchie, Lueilwitz and Hackett",20292 Melrose Point,54868-2264,722-297-9437,ggirallu@php.net
788,Ruecker-Roob,60 Chinook Lane,76457-002,772-201-7003,cmacpikelv@mit.edu
789,Dare-Gutmann,70 Lakewood Road,68828-114,879-271-0639,rwarfieldlw@posterous.com
790,"Roberts, Bayer and Huels",9940 Merrick Road,0409-7116,454-387-5026,jmarquezlx@nasa.gov
791,"Miller, Rohan and Hane",39237 Straubel Terrace,51991-320,249-262-5382,gshearsly@digg.com
792,"Grimes, Renner and O'Reilly",23337 Corben Lane,52584-770,723-903-4969,atippertonlz@indiatimes.com
793,Jast Group,235 Clemons Drive,0178-0858,116-356-1188,aglozmanm0@msu.edu
794,"Hilll, Jakubowski and DuBuque",61380 Susan Avenue,50845-0112,640-783-8772,tmcgilmartinm1@lycos.com
795,Spencer-Schuster,2068 Forest Dale Pass,10267-0617,403-751-0515,mbatchellorm2@google.com.hk
796,"Hermiston, Powlowski and Olson",50 Hermina Place,0113-0234,796-334-0897,mmcparlinm3@yellowpages.com
797,Mueller Group,5155 New Castle Lane,64980-196,713-810-8968,jbazelym4@marriott.com
798,Kuvalis and Sons,83645 Meadow Vale Plaza,63187-053,159-206-6377,dpeddarm5@histats.com
799,Ullrich-Thompson,4 Onsgard Parkway,43353-856,761-209-5535,pzuanellim6@lycos.com
800,Waters and Sons,9 Orin Street,49349-872,683-229-2195,sdoughartym7@yahoo.com
801,"Crooks, Kreiger and Gerhold",03 Rusk Terrace,63323-393,501-385-2313,igilliattm8@fc2.com
802,Abshire LLC,561 Oxford Hill,0363-0041,160-390-9001,njedraszczykm9@trellian.com
803,Stokes and Sons,14 Gulseth Road,63629-4695,825-417-3265,mrhulema@springer.com
804,Aufderhar-Towne,17 Ruskin Trail,0517-3605,753-694-6446,choofemb@furl.net
805,Nitzsche Group,14454 Homewood Hill,61715-099,336-111-5077,mbisetmc@columbia.edu
806,Price Group,86587 Sloan Lane,68788-9822,756-251-4232,tkivellmd@businessweek.com
807,"Spinka, Mitchell and Quigley",471 Utah Pass,66336-106,357-901-5886,bdoodsonme@cdbaby.com
808,Bechtelar Inc,23703 Golf View Circle,35356-942,343-380-4139,kklimontovichmf@answers.com
809,Reilly LLC,8003 Elka Avenue,0409-1036,919-168-8829,elaxstonmg@webmd.com
810,Carroll-Mante,13242 Dawn Circle,64117-294,533-747-4577,asalamanmh@shareasale.com
811,Weimann-Ward,21 Lillian Trail,51442-536,741-723-1457,mscollardmi@upenn.edu
812,Douglas LLC,05 Leroy Plaza,61748-015,917-800-5624,mmanthamj@liveinternet.ru
813,"Parker, Donnelly and Turcotte",600 Farragut Street,43857-0190,691-353-8989,ddyemk@facebook.com
814,Hauck Group,2151 Mockingbird Lane,24571-113,538-398-8781,smayheadml@twitter.com
815,Zulauf Inc,82092 Marcy Court,0173-0712,832-618-3912,evermamm@statcounter.com
816,Hamill-Breitenberg,56 Oak Valley Trail,41163-109,456-303-3484,jludovicomn@delicious.com
817,"Rempel, Halvorson and Runolfsdottir",9482 Delladonna Pass,68788-9043,229-333-3361,ljanewmo@altervista.org
818,Graham-Crooks,9 Rutledge Junction,55714-1503,808-676-1263,bjulyanmp@privacy.gov.au
819,"Kautzer, Greenfelder and Larkin",19 Hoard Crossing,62011-0057,118-863-7642,lpatricksonmq@1688.com
820,O'Keefe-Jenkins,09584 Pierstorff Lane,37205-586,114-381-6020,dgorinimr@chron.com
821,"Armstrong, Schinner and Cormier",0356 Novick Road,0363-1411,464-926-7961,clinggardms@lulu.com
822,Thiel-Macejkovic,1458 Corscot Trail,10812-372,382-805-5556,dtwintermanmt@microsoft.com
823,"Bauch, Senger and Ondricka",345 Homewood Center,58722-9093,572-335-4922,elardnarmu@vimeo.com
824,"Green, Barrows and Feeney",078 Sloan Hill,0087-6070,748-479-9473,ganthonsenmv@xing.com
825,Kling LLC,5 Morning Terrace,0597-0007,395-190-2588,dminstermw@youtu.be
826,Rogahn-Klein,0 Tony Avenue,65903-295,700-683-1688,ahallbordmx@com.com
827,Braun-Marvin,075 Hoffman Avenue,75936-118,800-345-8750,lelphmy@de.vu
828,Schiller Group,86 South Avenue,54748-302,620-139-7897,kkilloughmz@youtube.com
829,Schroeder-Rowe,6849 Schmedeman Way,0603-3633,105-204-7133,smettricken0@smugmug.com
830,Cassin-Treutel,319 3rd Road,41520-958,116-546-8511,fmatusovskyn1@meetup.com
831,Macejkovic LLC,84195 Heffernan Pass,60840-0200,411-977-5835,amoncurn2@bloglovin.com
832,Kuhn-Kub,50 Loftsgordon Center,62756-402,821-724-2593,agrigoriann3@cbslocal.com
833,"Stehr, Bruen and Tremblay",4 6th Point,55289-307,251-774-9660,spescodn4@nasa.gov
834,"Schamberger, Emmerich and Langosh",6127 Darwin Park,0268-0649,724-938-4160,mbirkinn5@kickstarter.com
835,Raynor-Franecki,02 Linden Trail,0536-1500,459-274-1999,fmcareaveyn6@prnewswire.com
836,Moen-Mann,696 Mcbride Avenue,53152-1008,437-279-0553,kmaronn7@rambler.ru
837,"Lubowitz, Collier and Pfeffer",717 Express Circle,41520-458,659-384-8637,efernaon8@yahoo.co.jp
838,O'Conner-Hayes,8300 Surrey Place,53329-090,722-519-0735,dsignoren9@scientificamerican.com
839,"Kilback, Crona and Collier",3 Rockefeller Crossing,0713-0701,839-841-0077,rclemsonna@liveinternet.ru
840,Ritchie-Luettgen,71 Michigan Drive,53807-515,562-919-0697,khaddestonnb@uiuc.edu
841,Littel LLC,41934 Park Meadow Lane,16590-303,494-821-0513,bdunnannc@weebly.com
842,Nikolaus-Spinka,04 Golden Leaf Terrace,36987-2358,931-771-2590,bchurchingnd@free.fr
843,"Moore, Medhurst and Maggio",7912 Fieldstone Court,54575-972,857-392-6390,aseabertne@lycos.com
844,"Wyman, Ullrich and Lynch",594 Tony Way,59676-960,260-786-5431,fdacostanf@chicagotribune.com
845,Schneider and Sons,01553 Division Way,55111-197,331-505-9593,dbehanng@amazon.com
846,Gorczany-Heaney,52098 Rockefeller Park,0409-3379,138-114-1897,chavicknh@mtv.com
847,"Hagenes, Zboncak and Parisian",545 Hintze Crossing,14550-513,387-839-6617,mbridgementni@ebay.com
848,"Lowe, Ortiz and Watsica",088 Meadow Vale Trail,50114-1220,812-688-4781,kpetticrewnj@delicious.com
849,Runolfsdottir-Conn,81860 Starling Street,67457-447,977-810-0713,eantliffnk@senate.gov
850,"O'Connell, Gislason and Sporer",88 Erie Terrace,49349-836,657-684-1363,mcotheynl@stanford.edu
851,Olson-Monahan,4 Scott Point,52125-123,417-256-3280,awinearnm@4shared.com
852,"Larson, Kovacek and Raynor",706 Lillian Way,66993-409,246-336-6926,aedridgenn@gov.uk
853,"Halvorson, Gerhold and Morar",228 Anhalt Pass,54340-700,237-492-3394,tochterlonyno@google.cn
854,Bednar-Feil,66 Hagan Trail,68001-111,395-398-6707,bbraiziernp@blogger.com
855,Moen-Prosacco,13181 Bobwhite Circle,0378-9122,208-907-8861,gyeomansnq@nytimes.com
856,Hackett-Barrows,50906 Havey Way,51672-4081,450-463-7829,jmuckartnr@cafepress.com
857,Murphy-Waters,838 Debra Terrace,35356-929,483-277-5253,jtomsenns@ibm.com
858,Hintz-Dietrich,1986 Manitowish Alley,36987-3037,327-411-7091,mcrickmoornt@is.gd
859,"Marvin, Abernathy and McKenzie",9 Packers Road,47682-199,392-364-5119,vrobiounu@chicagotribune.com
860,"Renner, Koepp and Hettinger",755 Killdeer Avenue,52125-708,801-721-2288,gmclemannv@over-blog.com
861,Weber Group,6 School Road,58407-624,650-806-5250,dvearnalsnw@slashdot.org
862,Swift-Muller,6216 Jackson Pass,0591-2717,506-299-4079,taspinallnx@smh.com.au
863,Kirlin Inc,6 Moose Avenue,58407-624,160-995-4169,bhugoninny@cyberchimps.com
864,Bins Inc,15026 Kedzie Junction,54868-5040,111-602-6158,mganternz@google.co.uk
865,Senger-Kertzmann,93 Heath Alley,11084-130,742-865-6168,zmarlino0@discuz.net
866,"Fahey, Cronin and Kub",3 Larry Point,62011-0003,754-137-8773,fanthonao1@hp.com
867,Barrows and Sons,66613 Clyde Gallagher Way,0615-7777,680-117-5991,osterto2@feedburner.com
868,"Harber, Wehner and Steuber",96 Loftsgordon Street,15127-984,170-896-4182,jmalinsono3@kickstarter.com
869,Mosciski-Goodwin,9 Knutson Trail,16714-299,667-242-0754,cweldrakeo4@shop-pro.jp
870,"Ortiz, Zemlak and Zemlak",3 Northridge Place,60232-2282,934-917-8028,rmatthiso5@arizona.edu
871,Jast Inc,71 Express Place,0078-0495,517-632-1992,jpetrilloo6@example.com
872,"Macejkovic, Hermann and Gerhold",370 Hooker Court,64893-903,262-251-6103,aogeaneyo7@nyu.edu
873,"Mosciski, Lehner and Kohler",67118 Hanover Street,11673-255,831-859-9402,mstockporto8@360.cn
874,"Vandervort, Padberg and Reichert",416 Barnett Parkway,57520-0133,831-976-9596,mchanceliero9@people.com.cn
875,Mann Group,7782 Buhler Circle,68788-9078,289-765-2715,kismayoa@artisteer.com
876,"Frami, Muller and Raynor",5 Prairieview Drive,55154-5095,418-469-5245,haronob@cnbc.com
877,"Trantow, Lehner and Bosco",7 Hovde Place,68788-9885,108-985-4217,rlodyoc@nsw.gov.au
878,Senger-Wuckert,05572 Hazelcrest Pass,42887-001,651-646-9353,nstitfallod@illinois.edu
879,Stamm-Swift,9 Park Meadow Hill,55154-8606,630-700-0069,mpaviouroe@vinaora.com
880,"Ortiz, Herzog and Reichert",893 Milwaukee Avenue,0527-1461,460-172-6754,mjardinof@bandcamp.com
881,"Cruickshank, Doyle and Armstrong",8675 Warner Pass,41250-142,541-244-6526,kmcwhinog@ucsd.edu
882,Pacocha Inc,6845 Moose Plaza,36987-3070,675-288-8774,tdockertyoh@intel.com
883,Mitchell Group,17 Chive Trail,49873-019,445-551-4578,pbreretonoi@walmart.com
884,"Friesen, Lockman and Larson",5005 Gateway Center,43742-0101,753-994-1815,ychisnalloj@acquirethisname.com
885,"Ankunding, Russel and Huels",61 Moose Lane,52125-224,624-426-7206,jcatanheiraok@xing.com
886,Bahringer-Hessel,3 Tomscot Circle,42627-262,701-172-3411,adefrancisciol@cnn.com
887,Schinner-Macejkovic,0874 Vahlen Center,43406-0037,317-696-5475,gcharerom@taobao.com
888,Jones and Sons,97 Elmside Lane,59105-003,566-412-3229,mlunton@engadget.com
889,Wisoky-Schultz,3 Eggendart Way,0268-1358,305-348-4288,swinspearoo@trellian.com
890,Dach-Ortiz,79 Bluejay Junction,41250-763,365-381-0286,ttroyesop@zimbio.com
891,"Wyman, Mertz and O'Connell",9 Katie Place,0132-0081,248-793-8537,tsteelyoq@geocities.jp
892,"Kohler, Ebert and Bernier",23 Melrose Center,56062-939,773-211-4740,kbaughor@so-net.ne.jp
893,Dickens-Leffler,00309 Waywood Way,65862-706,694-321-9358,ecurlingos@netscape.com
894,Gottlieb LLC,8 Holmberg Point,52584-285,587-565-6444,sjustot@opera.com
895,Schoen and Sons,58741 Oneill Junction,23155-001,623-984-8693,gludovicoou@epa.gov
896,Collier-Schimmel,2688 Rockefeller Park,24385-175,558-300-0470,qbaytropov@ucsd.edu
897,"Kutch, Carroll and Hackett",050 Summit Court,58737-107,639-436-9463,tmooreedow@hud.gov
898,"Roberts, Shields and Macejkovic",22 Susan Center,58142-7115,201-393-2642,pdenyox@msu.edu
899,Rodriguez LLC,652 Coleman Street,68084-549,876-380-7246,gtrittonoy@hhs.gov
900,Reynolds and Sons,5374 Vahlen Avenue,62191-012,682-769-4871,jsabeyoz@oakley.com
901,"Keeling, Stracke and Fahey",5904 Ramsey Hill,43478-241,121-761-9037,vgerholzp0@apache.org
902,"Leffler, Kreiger and Harris",289 Grover Place,55289-961,869-290-1788,lrowthornep1@example.com
903,"Runte, Krajcik and Bahringer",29 Hintze Center,49288-0368,944-181-0495,mbowmerp2@engadget.com
904,"McGlynn, Schulist and Blick",54 Logan Junction,0228-3005,351-804-5743,yattewellp3@deviantart.com
905,Reichel-Boyer,389 Lillian Junction,50930-099,183-714-4526,rcessp4@fastcompany.com
906,Bogan-Ritchie,802 Petterle Lane,63629-3213,781-862-8964,glanghornep5@mac.com
907,Brown and Sons,00 Brickson Park Court,0268-1419,455-688-0692,tchillistonep6@aol.com
908,"Volkman, Mertz and Schneider",3356 Bonner Trail,48951-8219,302-771-5847,srobshawp7@vk.com
909,"Schumm, Kohler and Boyer",76 Tony Terrace,16590-005,453-585-7927,eleacockp8@meetup.com
910,Fay and Sons,2 Knutson Terrace,58668-4251,521-596-9998,jespaderop9@yellowpages.com
911,Willms and Sons,3 Roxbury Lane,62032-115,199-993-0272,gkellartpa@omniture.com
912,Walsh Group,430 Randy Junction,57520-0259,151-899-1987,apawelspb@flavors.me
913,Kunde-Runte,22 David Junction,68016-282,309-274-0203,copferpc@twitpic.com
914,"Moen, Bergstrom and Von",8947 Anthes Drive,52125-289,765-544-9868,dbrockelsbypd@weibo.com
915,"Dooley, Tromp and Hahn",2639 Anderson Pass,54162-268,585-174-1141,ylenormandpe@examiner.com
916,Shields-VonRueden,66 Twin Pines Trail,63629-3711,698-698-2273,htappinpf@sbwire.com
917,Franecki LLC,83322 Daystar Hill,11697-199,134-888-2837,rbrindleypg@ox.ac.uk
918,Durgan-Terry,341 Golf Course Lane,10144-606,286-479-4399,cmuccinoph@adobe.com
919,Schmidt-Larkin,9 Carioca Road,0069-1340,638-147-2889,hkillockpi@mlb.com
920,Nitzsche-Crooks,59 Iowa Pass,49348-177,530-464-3533,kbridgenpj@nps.gov
921,Mueller-Ziemann,33 Fieldstone Drive,10424-150,110-765-6627,gmatejkapk@msu.edu
922,Morar and Sons,46 Maywood Center,0008-1030,655-879-5722,cmonceypl@home.pl
923,"Wehner, Cruickshank and Sanford",44 Sunbrook Pass,49035-888,660-473-7629,cisaacspm@yellowbook.com
924,"Hettinger, Dare and Blanda",4 Bowman Terrace,45802-050,661-385-0662,rjiroudekpn@twitter.com
925,Little and Sons,76480 Derek Crossing,50491-855,251-246-7465,fayerpo@jiathis.com
926,"Yundt, Sanford and Trantow",94 Vera Point,36800-248,197-386-1920,adunbabinpp@1688.com
927,Legros Group,28 Porter Trail,49035-784,933-988-3852,kjenourepq@bing.com
928,"Carter, Veum and Cruickshank",885 Pine View Lane,51808-223,749-282-3350,rblackfordpr@mediafire.com
929,"Strosin, Keeling and Breitenberg",25 Russell Pass,66336-916,334-398-5819,dsykoraps@fda.gov
930,"Corwin, Upton and Krajcik",946 Forster Way,50563-165,419-139-8827,cwoolstenholmespt@woothemes.com
931,Schmitt Group,321 Sachtjen Circle,59137-515,723-391-1571,slimpennypu@jigsy.com
932,Batz Inc,874 Eastlawn Point,66993-211,330-844-8503,mornellspv@msn.com
933,Kautzer-Leannon,5 Hallows Point,54868-5085,407-241-0024,gbradnampw@wired.com
934,Huel Group,4739 Dunning Street,68599-2302,697-965-6062,brenniepx@rambler.ru
935,McClure-Schaefer,602 Nancy Parkway,54868-1239,573-564-9322,mlapworthpy@slashdot.org
936,"Mayert, Hettinger and Kilback",068 Granby Alley,21130-873,458-610-6414,estratzpz@slideshare.net
937,Zulauf LLC,18278 Transport Plaza,63323-658,628-886-2210,klowlessq0@senate.gov
938,Davis and Sons,4625 Onsgard Road,16252-536,332-706-4307,ceyckelq1@biglobe.ne.jp
939,Kuhn-Luettgen,586 Doe Crossing Plaza,59417-106,501-598-5111,skenneyq2@ed.gov
940,"Mosciski, Greenholt and Davis",32 Arkansas Lane,64011-215,390-954-8684,mbridleq3@answers.com
941,Hansen-Bogan,5 Northfield Plaza,41163-176,630-208-6056,sajsikq4@t.co
942,Jones LLC,43835 Lotheville Lane,43742-0342,488-299-6015,vchaplingq5@wsj.com
943,Kozey Group,44248 West Drive,59779-585,930-235-5117,mquiltyq6@weibo.com
944,Kihn-McClure,2404 Loftsgordon Terrace,42587-001,366-412-7513,lmarloweq7@un.org
945,"Crooks, Fritsch and Monahan",28 Rusk Terrace,52544-473,642-270-9532,hgeroq8@mit.edu
946,MacGyver Group,56 Arapahoe Alley,68788-8001,982-294-5095,ldovestonq9@shop-pro.jp
947,"Gusikowski, Crooks and Ledner",09549 Arrowood Parkway,0268-1127,972-632-8545,joldallqa@sbwire.com
948,Anderson-Quitzon,3706 Saint Paul Pass,68788-9704,648-433-5897,grosencwaigqb@blogs.com
949,Johnson-Cartwright,41 Rieder Plaza,49781-062,437-635-7830,jcoggonqc@plala.or.jp
950,King LLC,000 Northport Place,53808-0989,305-721-7385,kbowlandsqd@symantec.com
951,"Hills, Beatty and Robel",12550 Delaware Center,21695-960,803-196-3659,ldivverqe@intel.com
952,"Gerhold, Hagenes and Schroeder",05279 Riverside Parkway,63739-480,936-388-3603,kmcilwainqf@umich.edu
953,Windler-Nicolas,73 Delaware Place,17478-817,398-410-6739,lpleaseqg@miitbeian.gov.cn
954,Feeney-Wintheiser,653 Milwaukee Alley,55714-4429,984-344-7281,gborgeqh@rakuten.co.jp
955,Frami-Schultz,4 Vernon Hill,0113-0002,613-404-4179,rhuntqi@fda.gov
956,Casper-Cassin,43 Park Meadow Court,0078-0248,495-187-0209,hklimczakqj@vistaprint.com
957,Gleichner-Kutch,82638 3rd Court,54569-1280,321-927-4450,skearqk@parallels.com
958,Beahan-Fay,74926 Buena Vista Street,0548-1140,580-122-8115,rseneschalql@cnn.com
959,Altenwerth and Sons,32 Buena Vista Drive,13537-362,475-241-5536,cshearerqm@businessweek.com
960,Schroeder-Schultz,651 Blaine Terrace,64058-615,678-214-9376,mfakesqn@twitter.com
961,Halvorson-Auer,50478 Buhler Street,68258-6993,768-519-3910,cgarmanqo@auda.org.au
962,Mills and Sons,34 Spohn Pass,18860-852,800-326-2489,mgilliverqp@jigsy.com
963,"Cartwright, Wilkinson and Dietrich",41154 Ridge Oak Plaza,0093-0109,102-278-4730,agiovanniniqq@purevolume.com
964,Beatty-Lakin,178 Laurel Court,48871-180,652-539-9522,dormondeqr@shutterfly.com
965,Franecki LLC,12 Graceland Pass,36987-3252,651-424-3484,kwethersqs@apple.com
966,Botsford-Mayer,40 Stone Corner Avenue,66116-601,518-999-8633,rkimeqt@google.com.br
967,Hermiston LLC,45 Shelley Park,65342-1006,828-295-4984,sthorneyworkqu@privacy.gov.au
968,Beahan Group,55 Pond Lane,13537-055,225-661-2482,mmedforthqv@gov.uk
969,"Howe, Haley and Torp",6652 Glacier Hill Circle,68788-9403,641-224-9584,dyardyqw@amazon.de
970,McDermott-Thompson,4277 Milwaukee Plaza,25000-141,745-722-3996,mwattinsqx@last.fm
971,Schroeder LLC,2 Buena Vista Hill,40046-0047,546-711-6364,acahalanqy@techcrunch.com
972,"Flatley, Schumm and Reichert",023 Talmadge Point,50928-200,967-921-9523,jhallowesqz@indiegogo.com
973,Jerde Group,56 Iowa Way,50804-845,559-517-4607,lswinr0@e-recht24.de
974,Marquardt Group,910 Laurel Avenue,43353-691,203-181-6376,fsjostromr1@timesonline.co.uk
975,"Gulgowski, Gibson and Collins",309 Mifflin Circle,68084-160,190-524-2813,rboornr2@furl.net
976,"Carter, Abshire and Harris",622 Kipling Place,60681-1403,297-253-8041,dmolanr3@phpbb.com
977,Wyman-Douglas,0672 Cardinal Way,13537-365,289-922-1483,ldorkinsr4@wix.com
978,Johnston LLC,93 Lake View Alley,51009-120,116-135-0939,csygrover5@fema.gov
979,Lesch Inc,59310 Basil Drive,50268-051,183-829-6038,loglessaner6@last.fm
980,"Medhurst, Gleichner and Grant",45 Fulton Drive,0409-1985,868-527-7434,gcurrr7@bravesites.com
981,"Glover, Wilderman and Kuhlman",40554 Northwestern Crossing,0781-5420,569-483-5151,atutsellr8@hugedomains.com
982,Krajcik-Cummings,8 Farragut Road,55305-116,637-509-9584,emardenr9@cdc.gov
983,McGlynn-Kovacek,1648 Corry Terrace,0615-1571,751-561-8873,lrowlingra@google.co.uk
984,Ritchie LLC,61886 Bayside Place,61442-321,611-928-4278,mgouldthorperb@ted.com
985,"Armstrong, Weissnat and Wilkinson",950 Meadow Vale Road,49967-844,670-595-9490,frouzetrc@drupal.org
986,"Prohaska, Koss and Luettgen",6075 Cody Park,13548-638,173-671-6327,psimpsonrd@umn.edu
987,Lueilwitz LLC,45845 Namekagon Court,52544-249,357-693-5779,cbowdreyre@slate.com
988,"Koelpin, Lockman and Koch",708 Monument Parkway,52685-460,483-611-0933,cpavlenkovrf@narod.ru
989,Rutherford-Hilpert,87 Warrior Place,10096-0297,354-608-9505,amcfadyenrg@fastcompany.com
990,Koch Group,442 Fairfield Pass,10096-0238,569-836-4195,asedgmanrh@about.me
991,Mertz-Armstrong,5 Summerview Junction,0615-7753,487-693-7233,vhattori@trellian.com
992,McGlynn LLC,50765 Grim Lane,13668-014,645-185-8189,brisebrowrj@diigo.com
993,Johnston-Friesen,7 Riverside Crossing,57520-0177,714-669-0229,mcallesrk@epa.gov
994,Monahan Inc,67 Garrison Plaza,68515-001,644-876-9141,tsnaprl@yandex.ru
995,"Rohan, Parker and Johns",7 Waywood Circle,41163-259,101-474-7783,bcornbellrm@taobao.com
996,Walker and Sons,77 Delaware Parkway,68180-479,784-551-8724,pshelmerdinern@gizmodo.com
997,Beatty-Schinner,2304 Lakeland Center,48878-3160,552-145-0890,osebrensro@google.com.br
998,White-Monahan,66 Pawling Crossing,36987-3232,647-899-1389,mlorkinrp@nyu.edu
999,Schmeler Inc,8400 Caliangt Alley,54868-6028,900-335-1754,uadamerq@state.tx.us
1000,Pollich and Sons,27 Ridgeview Drive,41520-977,700-309-4032,vsharplinrr@telegraph.co.uk
