id;descripcion;precio
1;Iced Tea Concentrate;0,07
2;Milkettes - 2%;1,71
3;Pasta - Canelloni, Single Serve;7,11
4;Crab Brie In Phyllo;5,9
5;Plastic Wrap;7,51
6;Wine - Magnotta - Pinot Gris Sr;1,26
7;Hog / Sausage Casing - Pork;0,85
8;Wine - Duboeuf Beaujolais;9,48
9;Aspic - Amber;2,7
10;Wine - White, Antinore Orvieto;8,73
11;Kellogs Cereal In A Cup;0,06
12;Wine - Sauvignon Blanc;5,08
13;Pastry - Cherry Danish - Mini;1,81
14;True - Vue Containers;7,33
15;Soup Campbells - Tomato Bisque;5,51
16;Tortillas - Flour, 12;7,66
17;Wine - Red, Pelee Island Merlot;3,74
18;Goat - Whole Cut;4,92
19;Olive - Spread Tapenade;9,22
20;Pork - Sausage Casing;9,78
21;Wine - Jackson Triggs Okonagan;4,04
22;Vacuum Bags 12x16;1,06
23;Dried Figs;4,88
24;Vodka - Smirnoff;2,96
25;Chip - Potato Dill Pickle;1,31
26;Meldea Green Tea Liquor;9,44
27;Wine - Riesling Dr. Pauly;8,37
28;Pork - Back, Short Cut, Boneless;7,67
29;Muskox - French Rack;8,92
30;Squash - Sunburst;2,66
31;Honey - Liquid;5,16
32;Wine - Rosso Del Veronese Igt;7,01
33;Hinge W Undercut;9,97
34;Water - Tonic;4,23
35;Table Cloth 91x91 Colour;3,23
36;Sprouts - Corn;7,64
37;Muffin Batt - Choc Chk;0,48
38;Swiss Chard - Red;4,77
39;Soup - French Onion;9,61
40;Bread Crumbs - Japanese Style;5,54
41;Irish Cream - Butterscotch;0,84
42;Wine - Carmenere Casillero Del;9,31
43;Container Clear 8 Oz;4,93
44;Pork - Back, Long Cut, Boneless;4,42
45;Appetiser - Bought;8,54
46;Cup - Translucent 7 Oz Clear;4,05
47;Bread Foccacia Whole;9,93
48;Plums - Red;7,89
49;Flower - Commercial Spider;7,7
50;Yeast - Fresh, Fleischman;3,85
51;Sauce - Balsamic Viniagrette;1,09
52;Beer - Blue;5,79
53;Foam Cup 6 Oz;9,66
54;Veal - Nuckle;4,09
55;Sage Ground Wiberg;4,18
56;Pastry - Raisin Muffin - Mini;3,2
57;Crab Meat Claw Pasteurise;2,89
58;Lobak;3,21
59;Melon - Watermelon, Seedless;8,21
60;Oregano - Dry, Rubbed;3,4
61;Ecolab Crystal Fusion;9,94
62;Salmon Atl.whole 8 - 10 Lb;7,2
63;Pork - Bacon Cooked Slcd;3,4
64;Plums - Red;2,34
65;Paper Cocktail Umberlla 80 - 180;2,5
66;Olive - Spread Tapenade;7,21
67;Cookie Choc;5,84
68;Wine - White, Ej;5,35
69;Beans - Yellow;7,67
70;Jam - Strawberry, 20 Ml Jar;2,52
71;Shopper Bag - S - 4;2,67
72;Lemon Pepper;5,71
73;Wine - Riesling Dr. Pauly;2,95
74;Vermouth - Sweet, Cinzano;3,23
75;Pasta - Lasagne, Fresh;8,68
76;Veal - Brisket, Provimi,bnls;8,13
77;French Pastry - Mini Chocolate;4,78
78;Nantucket Cranberry Juice;8,13
79;Lamb - Leg, Bone In;0,32
80;Flour - Bran, Red;0,47
81;Vector Energy Bar;5,85
82;Ecolab - Hand Soap Form Antibac;6,56
83;Eggplant Italian;5,77
84;Soda Water - Club Soda, 355 Ml;1,26
85;Longos - Chicken Cordon Bleu;6,31
86;Juice - Grape, White;6,02
87;Anisette - Mcguiness;1,81
88;Bar Mix - Lemon;8,92
89;Cheese - Victor Et Berthold;0,52
90;Cheese - Stilton;5,59
91;Pickle - Dill;6,25
92;Muffin - Mix - Creme Brule 15l;1,62
93;Tea - Mint;1,36
94;Muffin Hinge 117n;0,79
95;Beef Ground Medium;8,3
96;Basil - Primerba, Paste;0,42
97;Bread - Sticks, Thin, Plain;0,2
98;Thyme - Lemon, Fresh;4,6
99;Oats Large Flake;1,23
100;Flour - Whole Wheat;3,42
101;Wine - Barbera Alba Doc 2001;7,77
102;Beans - Turtle, Black, Dry;5,84
103;Bread - Sticks, Thin, Plain;3,26
104;Duck - Fat;1,3
105;Coffee - Cafe Moreno;2,2
106;Island Oasis - Lemonade;6,99
107;Wine - Saint - Bris 2002, Sauv;0,79
108;Carrots - Mini, Stem On;6,62
109;Creamers - 10%;3,6
110;Chip - Potato Dill Pickle;0,28
111;Sugar - Individual Portions;6,63
112;Bag - Regular Kraft 20 Lb;0,97
113;Bar Mix - Lemon;8,35
114;Sauce - White, Mix;2,21
115;Sauce - Plum;2,68
116;White Baguette;9,84
117;Pepper - Julienne, Frozen;8,98
118;Salt And Pepper Mix - White;5,82
119;Figs;1,6
120;Wine - Pinot Noir Stoneleigh;4,9
121;Carbonated Water - Blackcherry;5,34
122;Cake Circle, Foil, Scallop;0,36
123;Flour - Bran, Red;5,64
124;Cheese - Mozzarella, Shredded;3,39
125;Chinese Foods - Thick Noodles;3,04
126;Ice Cream - Vanilla;5,29
127;Soup - Beef Conomme, Dry;0,79
128;Pate - Liver;4,67
129;Ice Cream - Fudge Bars;5,14
130;Brandy - Bar;6,82
131;Banana - Leaves;6,68
132;Cheese - Cheddarsliced;7,49
133;Vegetable - Base;4,55
134;Beef - Top Sirloin - Aaa;8,78
135;Wine - Chardonnay South;7,67
136;Miso Paste White;9,98
137;Steam Pan - Half Size Deep;3
138;Turkey - Whole, Fresh;2,1
139;Hummus - Spread;1,29
140;Wine - Rosso Del Veronese Igt;4,52
141;Wine - Segura Viudas Aria Brut;4
142;Bread - Roll, Whole Wheat;8,15
143;Potatoes - Mini Red;7,66
144;Whmis - Spray Bottle Trigger;3,14
145;Cheese - Cheddar, Medium;4,4
146;Dill - Primerba, Paste;0,03
147;Beans - Turtle, Black, Dry;3,32
148;Salsify, Organic;4,94
149;Ecolab - Hobart Washarm End Cap;1
150;Mousse - Passion Fruit;8,7
151;Bread - Multigrain, Loaf;0,98
152;Pasta - Penne, Rigate, Dry;5,42
153;Cup Translucent 9 Oz;3,46
154;Oil - Cooking Spray;6,53
155;Broom And Broom Rack White;0,26
156;Browning Caramel Glace;1,14
157;Spinach - Frozen;7,27
158;Coconut - Shredded, Sweet;6,51
159;Assorted Desserts;4,4
160;Fruit Salad Deluxe;8,88
161;Tart - Raisin And Pecan;4,54
162;Tomatoes - Orange;1,23
163;Juice - Apple Cider;2,26
164;Sprite, Diet - 355ml;2,2
165;Dill Weed - Dry;0,4
166;Eggplant Oriental;4,44
167;Beef Wellington;1,44
168;Yogurt - Banana, 175 Gr;8,56
169;Salsify, Organic;2,11
170;Muskox - French Rack;5,4
171;Vinegar - Raspberry;6,63
172;Wine - Red, Cabernet Sauvignon;5,91
173;Napkin - Beverage 1 Ply;9,01
174;Grapefruit - White;9,09
175;Ocean Spray - Kiwi Strawberry;1,57
176;Cheese - Shred Cheddar / Mozza;6,6
177;Wine - Tio Pepe Sherry Fino;4,86
178;Squid - Breaded;8,84
179;Cleaner - Pine Sol;2,19
180;Mustard - Pommery;5,18
181;Chicken - Leg / Back Attach;3,23
182;Veal - Chops, Split, Frenched;4,51
183;Mushroom - Lg - Cello;3,04
184;Bagel - Ched Chs Presliced;0,16
185;Beef - Chuck, Boneless;1,38
186;Trueblue - Blueberry 12x473ml;9,06
187;Transfer Sheets;5,53
188;Salmon - Sockeye Raw;7,98
189;Muffin Batt - Choc Chk;3,48
190;Beer - Corona;4,76
191;Creme De Banane - Marie;9,33
192;Sauce - Cranberry;6,52
193;Muffin Batt - Choc Chk;0,39
194;Ice Cream - Super Sandwich;9,59
195;Quail - Whole, Bone - In;0,8
196;Tahini Paste;5,94
197;Milkettes - 2%;8,79
198;Beans - Kidney, Canned;4,47
199;Knife Plastic - White;1,17
200;Juice - Apple, 341 Ml;8,44
201;Quail - Eggs, Fresh;7,9
202;Pepper - Red Chili;2,45
203;Mix - Cocktail Ice Cream;6,98
204;Cocoa Butter;7,27
205;Juice - Apple, 500 Ml;7,85
206;Wine - Red, Antinori Santa;2,7
207;Beef - Ground, Extra Lean, Fresh;1,66
208;Onions - Cooking;4,86
209;Chestnuts - Whole,canned;2,63
210;Tea - Jasmin Green;8,55
211;Cream - 18%;0,91
212;Carbonated Water - Blackberry;0,52
213;Blueberries - Frozen;6,77
214;Blue Curacao - Marie Brizard;5,54
215;Pastry - Banana Tea Loaf;4,87
216;Garam Masala Powder;7,7
217;Contreau;0,28
218;Wine - Delicato Merlot;8,16
219;Ice Cream Bar - Hagen Daz;4,24
220;Schnappes Peppermint - Walker;3,74
221;Walkers Special Old Whiskey;8,21
222;Compound - Orange;1,15
223;Ginger - Ground;6,51
224;Wine - German Riesling;7,32
225;Crush - Orange, 355ml;7,23
226;Sauce - Salsa;1,58
227;Juice - Orangina;5,07
228;Wine - Magnotta, Merlot Sr Vqa;4,05
229;Lamb - Whole Head Off;3,44
230;Ginger - Ground;9,36
231;Iced Tea - Lemon, 460 Ml;2,17
232;Butter - Salted;6,8
233;Cumin - Ground;2,76
234;Soup - Campbells, Spinach Crm;1,81
235;Wine - Magnotta, Merlot Sr Vqa;1,23
236;Butter Sweet;2,14
237;Curry Paste - Madras;5,02
238;Flour - Buckwheat, Dark;2
239;Apple - Granny Smith;0,35
240;Spoon - Soup, Plastic;5,77
241;Tortillas - Flour, 10;8,02
242;Shrimp, Dried, Small / Lb;8,16
243;Beef - Inside Round;0,66
244;Savory;2,37
245;General Purpose Trigger;0,91
246;Mustard Prepared;0,26
247;Squid - Breaded;9,22
248;Pear - Packum;2,19
249;Turkey - Breast, Double;2,52
250;Chutney Sauce;7,81
251;Lid - 0090 Clear;9,1
252;Flour - Strong;4,61
253;Plasticknivesblack;8,05
254;Cakes Assorted;2,64
255;Bread - Italian Sesame Poly;6,84
256;Glass Clear 7 Oz Xl;7,91
257;Island Oasis - Wildberry;3,61
258;Green Scrubbie Pad H.duty;7,15
259;Wine - Semi Dry Riesling Vineland;4,38
260;Cloves - Ground;2,71
261;Salt - Kosher;3,04
262;Curry Paste - Madras;9,36
263;Propel Sport Drink;9,35
264;Drambuie;2,14
265;Yogurt - Peach, 175 Gr;7,15
266;Lobster - Cooked;1,36
267;Shrimp, Dried, Small / Lb;5,94
268;Sauce - Oyster;7,89
269;Tea Peppermint;7,84
270;Lettuce - Red Leaf;2,33
271;Kellogs All Bran Bars;7,71
272;Appetiser - Bought;3,03
273;Beef - Inside Round;5,29
274;Tomatoes - Heirloom;1,96
275;Strawberries;2,68
276;Juice - Pineapple, 48 Oz;2,48
277;Sobe - Green Tea;5,49
278;Sauce - Fish 25 Ozf Bottle;6,98
279;Turnip - Wax;0,31
280;Lid Coffeecup 12oz D9542b;7,88
281;Wine - Magnotta, White;5,88
282;Coffee Caramel Biscotti;2,84
283;Asparagus - Frozen;6,98
284;Veal - Knuckle;0,73
285;Lid Coffee Cup 8oz Blk;0,47
286;Chicken Thigh - Bone Out;0,19
287;Mayonnaise;1,14
288;Squid Ink;3,77
289;Trueblue - Blueberry 12x473ml;7,53
290;Sole - Dover, Whole, Fresh;4,71
291;Bacardi Limon;5,7
292;Lamb - Leg, Boneless;3,21
293;Pea - Snow;1,62
294;Cheese - Bakers Cream Cheese;2,11
295;Shrimp - 16/20, Iqf, Shell On;8,53
296;Coconut Milk - Unsweetened;9,56
297;Wine - Alicanca Vinho Verde;3,25
298;Cookie - Dough Variety;7,76
299;Bread Crumbs - Japanese Style;6,06
300;Cup - 3.5oz, Foam;4,72
301;Kaffir Lime Leaves;2,8
302;Clam Nectar;4,24
303;Danishes - Mini Cheese;7,28
304;Chicken - Base;3,02
305;Cumin - Ground;1,37
306;Lemon Tarts;5,72
307;Tuna - Bluefin;2,14
308;Wine - Red, Cooking;0,64
309;Cheese - Mozzarella, Shredded;6,61
310;Wine - Chateau Timberlay;5,61
311;Vacuum Bags 12x16;6,22
312;Mix - Cocktail Ice Cream;8,63
313;Veal - Insides Provini;5,76
314;Mousse - Passion Fruit;0,07
315;Tomato Puree;7,35
316;Schnappes - Peach, Walkers;2,29
317;Bread - Sticks, Thin, Plain;6,71
318;Cup Translucent 9 Oz;8,58
319;Fireball Whisky;3,14
320;Ginger - Ground;3,64
321;Sprouts - Onion;6,97
322;Alize Gold Passion;6,1
323;Lamb - Pieces, Diced;9,89
324;Wine - Chablis J Moreau Et Fils;4,25
325;Plate Foam Laminated 9in Blk;5,92
326;Juice - Pineapple, 341 Ml;1,65
327;Sauce - Soya, Dark;1,5
328;Sugar - Crumb;8,83
329;Milk - Chocolate 250 Ml;0,09
330;Whmis - Spray Bottle Trigger;0,69
331;Wine - Cousino Macul Antiguas;0,3
332;Melon - Watermelon, Seedless;7,29
333;Cheese - Victor Et Berthold;1,71
334;Tomato Paste;6,13
335;Wine - Two Oceans Cabernet;6,52
336;Vinegar - Balsamic, White;3
337;Cheese Cloth;0,54
338;Sage - Rubbed;2,65
339;Bagels Poppyseed;2,58
340;Melon - Honey Dew;3,81
341;Mustard - Pommery;1,21
342;Pepper - Chilli Seeds Mild;0,13
343;Steamers White;2,71
344;Shrimp - 21/25, Peel And Deviened;9,38
345;Snapple Raspberry Tea;6,06
346;Lobak;3,79
347;Mayonnaise;6,25
348;Maple Syrup;7,43
349;Beans - Black Bean, Dry;9,51
350;Halibut - Steaks;9,13
351;Syrup - Monin - Passion Fruit;5,44
352;Dr. Pepper - 355ml;2,53
353;Soup - Campbells, Creamy;2,6
354;Clam - Cherrystone;7,17
355;Vector Energy Bar;7,13
356;Sauce Tomato Pouch;0,69
357;Broccoli - Fresh;1,15
358;Bread - Bistro White;1,48
359;Mustard - Individual Pkg;5,88
360;Black Currants;3,92
361;Meldea Green Tea Liquor;7,15
362;Lambcasing;8,49
363;Beer - Corona;2,38
364;Wine - Lamancha Do Crianza;8,45
365;Flax Seed;6,73
366;Turkey Leg With Drum And Thigh;1,94
367;Wine - George Duboeuf Rose;7,86
368;Mushroom - Morels, Dry;8,88
369;Eel - Smoked;6,41
370;Beef - Short Loin;4,86
371;Wine - Cava Aria Estate Brut;6,86
372;Cookies - Amaretto;8,89
373;Wine - Chateauneuf Du Pape;2,67
374;Sauce - White, Mix;6,74
375;Chinese Foods - Plain Fried Rice;6,5
376;Tea - Apple Green Tea;0,88
377;Cheese - Pied De Vents;7,27
378;Island Oasis - Lemonade;4,37
379;Chocolate - Unsweetened;1,28
380;Wine - Cave Springs Dry Riesling;3,42
381;Cup - Paper 10oz 92959;0,54
382;Olives - Green, Pitted;7,44
383;Apple - Delicious, Golden;4,6
384;Steampan - Foil;5,67
385;Okra;5,35
386;Carrots - Mini Red Organic;7,39
387;Island Oasis - Peach Daiquiri;1,07
388;Wine - Coteaux Du Tricastin Ac;6,85
389;Munchies Honey Sweet Trail Mix;9,37
390;Beans - Kidney, Red Dry;6,61
391;Beans - Black Bean, Preserved;4,32
392;Cup - 6oz, Foam;1,75
393;Foam Espresso Cup Plain White;2,82
394;Plasticspoonblack;1,61
395;Bread - Sour Sticks With Onion;7,69
396;Pan Grease;4,03
397;Sage - Ground;9,29
398;Wine - Black Tower Qr;4,8
399;Chevere Logs;2,88
400;Cookies Cereal Nut;7,37
401;Veal - Liver;6,12
402;Wine - Red, Gallo, Merlot;1,77
403;Melon - Honey Dew;1,17
404;Soup - Knorr, Classic Can. Chili;7,21
405;Ecolab - Hand Soap Form Antibac;9,1
406;Tahini Paste;5,8
407;Muffin Puck Ww Carrot;5,53
408;Pepper - Chilli Seeds Mild;9,37
409;Pork - Back, Long Cut, Boneless;9,36
410;Beef Wellington;5,33
411;Celery Root;6,52
412;Plate Pie Foil;2,82
413;Spring Roll Wrappers;3,16
414;Nantuket Peach Orange;3,56
415;Lettuce - Escarole;8,53
416;Smoked Tongue;7,77
417;Tomato Paste;5,14
418;Tia Maria;1,68
419;Nut - Pecan, Halves;9,7
420;Bread - Burger;2,79
421;Soup - Beef Conomme, Dry;0,86
422;Truffle Cups - Brown;1,58
423;Kellogs Cereal In A Cup;6,03
424;Muffin - Bran Ind Wrpd;1,42
425;Zucchini - Yellow;9,61
426;Butter Ripple - Phillips;8,52
427;Wine - Sicilia Igt Nero Avola;1,73
428;Quiche Assorted;6
429;Iced Tea Concentrate;8,83
430;Straw - Regular;5,37
431;Hummus - Spread;4,51
432;Apple - Fuji;8,02
433;Water - Spring Water 500ml;6,18
434;Alize Sunset;1,33
435;Dill Weed - Fresh;7,69
436;Wine - Two Oceans Cabernet;5,02
437;Pork - Chop, Frenched;6,55
438;Wine - Riesling Dr. Pauly;1,07
439;Nut - Pine Nuts, Whole;3,65
440;Higashimaru Usukuchi Soy;6,36
441;Oil - Coconut;6,1
442;Lentils - Green Le Puy;3,42
443;Beer - True North Lager;1,22
444;Wine - Red, Mosaic Zweigelt;1,02
445;Wine - Chianti Classica Docg;1,29
446;Coffee Cup 16oz Foam;2,47
447;Plastic Arrow Stir Stick;7,4
448;Butter Balls Salted;9,28
449;Kolrabi;6,98
450;Fish - Scallops, Cold Smoked;2,25
451;Tuna - Loin;9,22
452;Muskox - French Rack;7,5
453;Mushroom - King Eryingii;4,24
454;Lettuce - Treviso;0,5
455;Roe - Lump Fish, Red;9,58
456;Raisin - Dark;4,23
457;Red Snapper - Fresh, Whole;4,84
458;Ice Cream - Super Sandwich;6,34
459;Soup - French Can Pea;0,55
460;Beer - Creemore;0,01
461;Cookies - Fortune;8,2
462;Pork - Back, Long Cut, Boneless;6,55
463;Nut - Macadamia;1,66
464;Juice - Apple, 1.36l;7,96
465;Beans - Yellow;1,01
466;Bread Base - Italian;9,74
467;Veal - Osso Bucco;0,59
468;Pop Shoppe Cream Soda;4,19
469;Bread - Rosemary Focaccia;6,1
470;Cookie Dough - Chocolate Chip;1,95
471;Seedlings - Mix, Organic;7,54
472;Pork - Kidney;4,68
473;Sauce - Roasted Red Pepper;8,63
474;Calaloo;2,23
475;Appetizer - Shrimp Puff;9,92
476;Flour - Semolina;9,3
477;Halibut - Fletches;9,39
478;Tomatoes - Diced, Canned;9,93
479;Pork - Back, Long Cut, Boneless;2,59
480;Bread - Calabrese Baguette;2,45
481;Tea - Lemon Scented;4,6
482;Wine - Sawmill Creek Autumn;2,55
483;Rum - Light, Captain Morgan;0,84
484;Wine - Sake;8,09
485;Wine - Cousino Macul Antiguas;3,45
486;Muffin - Carrot Individual Wrap;5,59
487;Cheese - Cambozola;3,84
488;Vinegar - Tarragon;7,76
489;Gatorade - Fruit Punch;7,92
490;Mushroom - Porcini Frozen;6,34
491;Yukon Jack;1,92
492;Potatoes - Instant, Mashed;3,54
493;Cheese - Valancey;4,77
494;Oil - Canola;0,06
495;Shiro Miso;7,6
496;Pasta - Spaghetti, Dry;3,36
497;Apples - Sliced / Wedge;5,81
498;Tea - Grapefruit Green Tea;9,6
499;Juice - Prune;6,66
500;Sauce - Oyster;4,05
501;Beer - Creemore;7
502;Appetizer - Mango Chevre;1,73
503;Mushroom - Shitake, Fresh;4,51
504;Garlic - Peeled;4
505;Carbonated Water - Blackcherry;4,89
506;Cassis;7,05
507;Sprouts - China Rose;8,95
508;Soup Campbells - Tomato Bisque;6,18
509;Beef - Tenderloin - Aa;3,61
510;Shrimp, Dried, Small / Lb;2,31
511;Aromat Spice / Seasoning;6,43
512;Wine - Red, Lurton Merlot De;6,5
513;Glycerine;0,97
514;Veal - Bones;3,35
515;Pork - European Side Bacon;0,56
516;Seabream Whole Farmed;7,48
517;Bread - 10 Grain;2,5
518;Mustard - Dry, Powder;7,52
519;Duck - Breast;5,43
520;Longos - Cheese Tortellini;8,38
521;Island Oasis - Lemonade;0,87
522;Wasabi Powder;5,17
523;Munchies Honey Sweet Trail Mix;7,26
524;Pail With Metal Handle 16l White;2,44
525;Pate - Liver;8,64
526;Olives - Kalamata;0,1
527;Sugar - Icing;0,85
528;Crush - Orange, 355ml;2,69
529;Mortadella;8,18
530;Ranchero - Primerba, Paste;7,84
531;Basil - Fresh;4,23
532;Eggroll;9,71
533;Icecream Bar - Del Monte;5,63
534;Stock - Beef, Brown;9,37
535;Cheese - St. Andre;6,37
536;Rice Paper;9,7
537;Shrimp - Tiger 21/25;6,9
538;Pastry - Butterscotch Baked;1,95
539;Salmon - Smoked, Sliced;7,04
540;Steampan - Lid For Half Size;1,39
541;Pate - Liver;4,39
542;Sausage - Breakfast;7,24
543;Eggplant - Baby;8,3
544;Energy Drink - Franks Original;4,28
545;Chocolate - Dark Callets;0,57
546;Beef - Outside, Round;8,1
547;Pork - Belly Fresh;5,06
548;Raisin - Golden;0,08
549;Soup - Knorr, Country Bean;6,08
550;Capon - Whole;9,72
551;Apricots - Halves;0,54
552;Yogurt - Peach, 175 Gr;5,6
553;Danishes - Mini Cheese;2,98
554;Wine - Rosso Del Veronese Igt;8,92
555;Red Pepper Paste;9,6
556;Muffin Mix - Corn Harvest;0,31
557;Kolrabi;4,87
558;Cheese - Cambozola;5,33
559;Cheese - Cheddar, Mild;5,64
560;Peas - Pigeon, Dry;7,04
561;Towel Multifold;7
562;Tea - Herbal I Love Lemon;8,75
563;Tomatillo;1,65
564;Chocolate Bar - Coffee Crisp;3,54
565;Sambuca - Ramazzotti;6,64
566;Cookies Almond Hazelnut;7,69
567;Arizona - Green Tea;2,88
568;Oven Mitts - 15 Inch;4,96
569;Champagne - Brights, Dry;0,46
570;Lettuce Romaine Chopped;6,17
571;Beef - Montreal Smoked Brisket;6,39
572;Cheese - Roquefort Pappillon;3,48
573;Pie Shells 10;1,21
574;Baking Powder;3,23
575;Icecream Cone - Areo Chocolate;8,43
576;Wine - Red, Black Opal Shiraz;7
577;Coconut Milk - Unsweetened;1,5
578;Rappini - Andy Boy;2,91
579;Pea - Snow;0,55
580;Bar Energy Chocchip;5,82
581;Chocolate - Feathers;3,42
582;Wine - Ice Wine;3,41
583;Banana - Green;8,36
584;Pepper Squash;8,55
585;Bag - Clear 7 Lb;9,49
586;White Fish - Filets;5,4
587;Shrimp - Black Tiger 16/20;1,37
588;Fuji Apples;2,55
589;Sprouts Dikon;0,37
590;Icecream - Dibs;1,67
591;Bread - Frozen Basket Variety;9,76
592;Creme De Cacao White;0,6
593;Bread - Sour Sticks With Onion;9,96
594;Paper Cocktail Umberlla 80 - 180;7,89
595;Lettuce - Iceberg;3,5
596;Cheese - Shred Cheddar / Mozza;7,15
597;Crab - Dungeness, Whole;5,69
598;Ginger - Crystalized;2,36
599;Dc Hikiage Hira Huba;9,87
600;Pork - Smoked Back Bacon;4,59
601;Soap - Mr.clean Floor Soap;9,52
602;Mince Meat - Filling;8,6
603;Snails - Large Canned;2,4
604;Ham - Cooked;3,38
605;Beer - Sleemans Cream Ale;4,33
606;Muffin - Mix - Strawberry Rhubarb;6,9
607;Chips - Potato Jalapeno;7,61
608;Wine - Red, Mouton Cadet;2,66
609;Tea - Camomele;5,66
610;Flower - Potmums;4,31
611;Mushroom - White Button;5,9
612;Island Oasis - Ice Cream Mix;5,86
613;Beer - True North Strong Ale;6
614;Wine - Niagara,vqa Reisling;9,79
615;Syrup - Monin, Swiss Choclate;0,27
616;Cheese Cloth No 100;1,76
617;Cod - Black Whole Fillet;1,5
618;Cake - Cheese Cake 9 Inch;5,05
619;Soup - Beef Conomme, Dry;8,72
620;Bread - French Stick;7,25
621;Mackerel Whole Fresh;3,5
622;Soup - Campbells Chili Veg;2,77
623;Juice - Happy Planet;7,43
624;Lemonade - Kiwi, 591 Ml;1,58
625;Shrimp - Black Tiger 8 - 12;8,05
626;Asparagus - White, Fresh;7,38
627;Tuna - Yellowfin;3,17
628;Flour - Fast / Rapid;0,73
629;Milkettes - 2%;6,74
630;Orange Roughy 4/6 Oz;4,46
631;The Pop Shoppe - Lime Rickey;5,07
632;Wine - Montecillo Rioja Crianza;9,69
633;Squash - Pepper;4,79
634;Eggs - Extra Large;9,8
635;Vacuum Bags 12x16;4,45
636;Steampan - Lid For Half Size;9,36
637;Wine - Chateau Bonnet;4,76
638;Compound - Rum;0,92
639;Cheese - Brie, Triple Creme;7,76
640;Soup - Campbells Chili Veg;5,1
641;Wine - White, Mosel Gold;9,32
642;Table Cloth 62x120 White;8,88
643;Soda Water - Club Soda, 355 Ml;5,6
644;Sesame Seed Black;8,44
645;Cheese - Mascarpone;1,77
646;Cheese - Mix;6,27
647;Rambutan;3,13
648;Snapple - Iced Tea Peach;5,55
649;Table Cloth 53x69 White;9,45
650;Mushroom - Chantrelle, Fresh;1,99
651;Bok Choy - Baby;7,88
652;Edible Flower - Mixed;4,12
653;Oven Mitts 17 Inch;6,86
654;Beans - Kidney, Red Dry;2,4
655;Melon - Honey Dew;0,32
656;Coconut - Creamed, Pure;5,3
657;Rum - Cream, Amarula;2,97
658;Water - Green Tea Refresher;8,2
659;Foam Tray S2;9,5
660;Cake - Miini Cheesecake Cherry;1,27
661;Energy Drink - Franks Pineapple;7,16
662;Truffle Cups Green;9,02
663;Lamb - Shoulder;8,51
664;Huck White Towels;3,43
665;Fork - Plastic;4,03
666;Rice - Long Grain;7,33
667;Beef - Bones, Marrow;8,83
668;Veal - Brisket, Provimi,bnls;5,14
669;Beer - Paulaner Hefeweisse;2,18
670;Trueblue - Blueberry 12x473ml;9,64
671;Muffin Chocolate Individual Wrap;6,92
672;Gatorade - Fruit Punch;5,23
673;Fenngreek Seed;2,35
674;Chick Peas - Dried;7,08
675;Venison - Liver;7,84
676;Nantucket - Carrot Orange;3,6
677;Yogurt - Raspberry, 175 Gr;4,59
678;Sesame Seed Black;1,31
679;Doilies - 12, Paper;9,59
680;Soup - Knorr, French Onion;5,41
681;Pork - Bacon, Sliced;5,11
682;Paper Cocktail Umberlla 80 - 180;9,11
683;French Pastry - Mini Chocolate;1,75
684;Wine - Red, Pelee Island Merlot;5,41
685;Veal - Brisket, Provimi,bnls;5,74
686;Bread - White, Sliced;0,62
687;Wheat - Soft Kernal Of Wheat;9,51
688;Glucose;2,82
689;Muffin Orange Individual;9,25
690;Bread - Pumpernickel;6,35
691;Oven Mitts 17 Inch;8,86
692;Bread - Focaccia Quarter;5,29
693;Water - Mineral, Carbonated;5,7
694;Water - Perrier;3,61
695;Cinnamon Rolls;1,02
696;Wine - White, Schroder And Schyl;8,57
697;Sauce - Ranch Dressing;3,54
698;Scallops - In Shell;7,49
699;Horseradish - Prepared;1,61
700;Wine - White, Antinore Orvieto;6,59
701;Soup - Campbells, Chix Gumbo;7,46
702;Muffin Hinge 117n;3,69
703;Crackers - Trio;6,01
704;Cheese - Swiss Sliced;9,82
705;Sausage - Meat;9,99
706;Beef - Baby, Liver;2,98
707;Milkettes - 2%;0,42
708;Soup - French Onion, Dry;3,26
709;Ice Cream - Vanilla;3,03
710;Cookies Almond Hazelnut;7,97
711;Jolt Cola - Electric Blue;0,02
712;Yoghurt Tubes;9,26
713;Chips - Potato Jalapeno;3,4
714;Cheese - Goat With Herbs;9,82
715;Tomatoes - Orange;5,26
716;Knife Plastic - White;2,04
717;Sausage - Meat;9,86
718;Wine - Soave Folonari;5,73
719;Corn - Mini;8,26
720;Bread - Pita;7,19
721;Butcher Twine 4r;7,61
722;Cattail Hearts;9,22
723;Syrup - Monin, Swiss Choclate;4,31
724;Mix - Cocktail Strawberry Daiquiri;3,55
725;Lobster - Tail 6 Oz;3,14
726;Soup - Campbells;3,36
727;Bread Base - Goodhearth;2,02
728;Basil - Thai;8,69
729;Sauce - Hp;4,89
730;Oil - Shortening - All - Purpose;3,57
731;Lemon Grass;6,74
732;Hickory Smoke, Liquid;6,69
733;Lettuce - Boston Bib;7,78
734;Wine - Coteaux Du Tricastin Ac;5,41
735;Brandy Cherry - Mcguinness;3,34
736;Yogurt - Plain;6,2
737;Lemonade - Kiwi, 591 Ml;8,04
738;Pepper - Chillies, Crushed;5,39
739;Tea - Herbal I Love Lemon;0,23
740;Ham Black Forest;7,5
741;Soup - Knorr, Chicken Noodle;0,41
742;Bread - Hamburger Buns;4,3
743;Phyllo Dough;6,13
744;Cups 10oz Trans;0,92
745;Capon - Breast, Double, Wing On;7,5
746;Soup - Knorr, Classic Can. Chili;5,81
747;Pork - Hock And Feet Attached;6,29
748;Yams;6,8
749;Salt - Seasoned;0,56
750;Bread - Corn Muffaleta Onion;0,17
751;Tomato - Peeled Italian Canned;3,51
752;Sour Cream;0,92
753;Wine - Red, Pinot Noir, Chateau;5,2
754;Seaweed Green Sheets;5,72
755;Fork - Plastic;3,19
756;Glaze - Clear;7,23
757;Hipnotiq Liquor;6,06
758;Pail - 15l White, With Handle;2,22
759;Fish - Halibut, Cold Smoked;5,16
760;Napkin Colour;5,38
761;Pork Casing;6,89
762;Beer - Fruli;8,39
763;Table Cloth 90x90 White;9,55
764;Nut - Pecan, Pieces;4,28
765;Muskox - French Rack;8,45
766;Ginger - Crystalized;6,8
767;Papayas;3,77
768;Trout - Rainbow, Frozen;5,61
769;Sugar Thermometer;4,3
770;Appetizer - Asian Shrimp Roll;3,94
771;Cucumber - Pickling Ontario;8,77
772;Coffee - Hazelnut Cream;3,63
773;Jam - Raspberry,jar;6,85
774;Gatorade - Xfactor Berry;7,92
775;Stock - Beef, White;6,73
776;Fuji Apples;6,62
777;Sobe - Cranberry Grapefruit;0,21
778;Spice - Paprika;8,87
779;Beef - Salted;9,5
780;Wine - Marlbourough Sauv Blanc;9,5
781;Cheese - Cheddar, Medium;4,52
782;Mcgillicuddy Vanilla Schnap;6,91
783;Soup - Campbells Tomato Ravioli;3,87
784;Rye Special Old;2,8
785;Pasta - Orzo, Dry;4,98
786;Ocean Spray - Kiwi Strawberry;9,38
787;Beans - Yellow;5,49
788;Truffle Cups - Red;8,09
789;Wine - Red, Mosaic Zweigelt;1,95
790;Pheasants - Whole;6,59
791;Tea - Grapefruit Green Tea;1,94
792;Magnotta Bel Paese Red;7,47
793;Haggis;8,17
794;Sauce - Hollandaise;9,37
795;Tomatoes - Orange;2,79
796;Ham - Virginia;9,99
797;Scallop - St. Jaques;5,13
798;Trout - Rainbow, Fresh;8,4
799;Puree - Mango;3,08
800;Veal - Osso Bucco;2,54
801;Sobe - Green Tea;6,27
802;Compound - Passion Fruit;6,02
803;Longos - Assorted Sandwich;2,89
804;Beef - Kindney, Whole;7,3
805;Graham Cracker Mix;0,66
806;Eggplant Italian;9,52
807;Duck - Fat;8,93
808;Soup - Campbells Chili;9,2
809;Cheese - Parmigiano Reggiano;9,51
810;Chicken - White Meat, No Tender;3,18
811;Pork - Ground;8,87
812;Wine - White, Gewurtzraminer;2,98
813;Baking Soda;6,1
814;Sterno - Chafing Dish Fuel;1,1
815;Chocolate - Milk Coating;9,36
816;Wine - Red, Cooking;8,7
817;Lamb - Whole, Frozen;5,12
818;Cup - 4oz Translucent;7,05
819;Nutmeg - Ground;1,08
820;Mushroom - King Eryingii;4,25
821;Table Cloth 72x144 White;7,77
822;Cheese - Havarti, Salsa;4,87
823;Kellogs Raisan Bran Bars;7,55
824;Cheese - Roquefort Pappillon;7,95
825;Plastic Arrow Stir Stick;9,5
826;Bread - Hot Dog Buns;4,51
827;Creme De Banane - Marie;0,54
828;Soup - Campbells, Spinach Crm;7,08
829;Gooseberry;2,57
830;Table Cloth 91x91 Colour;9,33
831;Ice Cream Bar - Hagen Daz;7,85
832;Beer - Original Organic Lager;3,5
833;Tomatoes - Cherry;2,03
834;Wine - Hardys Bankside Shiraz;8,36
835;Hold Up Tool Storage Rack;4,61
836;Praline Paste;1,04
837;Appetizer - Smoked Salmon / Dill;9,11
838;Compound - Strawberry;4,87
839;Milkettes - 2%;7,09
840;Potatoes - Peeled;2,95
841;Wine - Chardonnay South;5,45
842;Pasta - Lasagne, Fresh;8,98
843;Bread Roll Foccacia;1,32
844;Neckerchief Blck;9,95
845;Wine - Placido Pinot Grigo;3,01
846;Uniform Linen Charge;8,4
847;Grapes - Green;6,38
848;Papadam;6,9
849;Muffin Chocolate Individual Wrap;3,35
850;Cheese - Mozzarella;8,54
851;Contreau;9,43
852;Sponge Cake Mix - Vanilla;5,94
853;Veal - Knuckle;6,08
854;Stock - Fish;5,73
855;Shichimi Togarashi Peppeers;9,88
856;Chinese Foods - Pepper Beef;8,52
857;Rice Pilaf, Dry,package;1,18
858;Garam Marsala;5,66
859;Bread Foccacia Whole;3
860;Table Cloth 54x54 Colour;6,91
861;Chicken - Ground;6,7
862;Truffle Cups - Brown;4,24
863;Wine - Tribal Sauvignon;7,56
864;Pastry - Cherry Danish - Mini;0,33
865;Energy Drink - Redbull 355ml;3,91
866;Broom - Push;8,95
867;Beer - Fruli;1,99
868;Wine - Port Late Bottled Vintage;4,05
869;Tea - Herbal I Love Lemon;7,4
870;Papayas;10
871;Turkey Leg With Drum And Thigh;3,69
872;Mahi Mahi;9,31
873;Scallops - In Shell;7,62
874;Sauce - Chili;3,97
875;Lamb - Shoulder, Boneless;4,87
876;Gooseberry;0,05
877;Bagel - Sesame Seed Presliced;6,37
878;Bread Fig And Almond;8,92
879;Pickles - Gherkins;6,7
880;Cactus Pads;7,29
881;Venison - Liver;0,24
882;Cheese - Roquefort Pappillon;3,2
883;Wonton Wrappers;0,96
884;Brandy - Bar;7,67
885;Pepper - Cubanelle;3,96
886;Duck - Fat;7,18
887;Wine - Red, Colio Cabernet;1,95
888;Squash - Acorn;6,27
889;Kippers - Smoked;0,39
890;Mustard - Seed;6,28
891;Southern Comfort;7,23
892;Scallops - Live In Shell;3,3
893;Pork - Ham, Virginia;4,66
894;Table Cloth 62x120 Colour;6,15
895;Limes;0,72
896;Maintenance Removal Charge;7,62
897;Flour - Strong;3,6
898;Icecream Cone - Areo Chocolate;2,91
899;Teriyaki Sauce;7,68
900;Extract - Rum;9,69
901;Filling - Mince Meat;3,91
902;Wine - Red, Metus Rose;8,73
903;The Pop Shoppe - Black Cherry;1,83
904;Milk - Chocolate 500ml;3,51
905;Bread - Hamburger Buns;6,9
906;Swiss Chard;2,3
907;Water - Perrier;8,9
908;Shrimp - 16/20, Peeled Deviened;4,21
909;Cardamon Ground;0,67
910;Stock - Veal, Brown;5,41
911;Nacho Chips;4,17
912;Bulgar;6,25
913;Bagelers - Cinn / Brown Sugar;9,19
914;Pork - Shoulder;1,01
915;Extract - Raspberry;1,93
916;Pasta - Rotini, Dry;8,63
917;Urban Zen Drinks;0,21
918;Limes;6,8
919;Initation Crab Meat;9,48
920;Dried Peach;8,77
921;Appetizer - Tarragon Chicken;3,34
922;Kiwi;0,89
923;Salmon - Fillets;5,47
924;Chocolate - Dark;7,58
925;Cocoa Powder - Natural;6,51
926;Table Cloth 91x91 Colour;1,75
927;Split Peas - Yellow, Dry;7,52
928;Plasticforkblack;6,18
929;Table Cloth 120 Round White;9,83
930;Cheese - Fontina;3,17
931;Coke - Diet, 355 Ml;6,14
932;Cranberries - Dry;0,91
933;Mushrooms - Honey;4,92
934;Wine - Cotes Du Rhone Parallele;1,62
935;Oil - Sesame;7,14
936;Lemon Balm - Fresh;7,85
937;Sterno - Chafing Dish Fuel;5,92
938;Cheese - Asiago;6,03
939;Lettuce - Boston Bib - Organic;5,81
940;Soupfoamcont12oz 112con;0,8
941;Tea - Darjeeling, Azzura;8,56
942;Oranges - Navel, 72;0,23
943;Soup - Campbells Tomato Ravioli;7,5
944;Juice - Mango;2,84
945;Beef - Short Loin;8,66
946;Marjoram - Fresh;1,99
947;Ice Cream Bar - Drumstick;5,72
948;Juice - Happy Planet;0,63
949;Vinegar - Balsamic, White;6,13
950;Ecolab Digiclean Mild Fm;7,68
951;Lamb - Shoulder, Boneless;9,99
952;White Fish - Filets;6,02
953;Wine - Masi Valpolocell;4,48
954;Cheese - Cheddar With Claret;5,14
955;Wine - Vovray Sec Domaine Huet;3,09
956;Extract Vanilla Pure;9,26
957;Juice - Orange, 341 Ml;2,45
958;Pork - Inside;6,61
959;Pastry - Carrot Muffin - Mini;0,95
960;Beef - Tender Tips;6,32
961;Beans - Navy, Dry;2,9
962;Cream - 18%;3,8
963;Pate Pans Yellow;9,07
964;Coffee - Egg Nog Capuccino;4,81
965;Sour Puss Sour Apple;6,77
966;Beans - Green;0,13
967;Veal - Striploin;4,52
968;Wine - Maipo Valle Cabernet;7,8
969;Fish - Atlantic Salmon, Cold;5,57
970;Soup Campbells Mexicali Tortilla;2,15
971;Wine - Penfolds Koonuga Hill;8,03
972;Water - Aquafina Vitamin;5,25
973;Cranberries - Frozen;7,9
974;Coffee - Dark Roast;9,48
975;Sprouts - Peppercress;8,68
976;Green Tea Refresher;4,37
977;Bread - Rolls, Corn;3,31
978;Foil - Round Foil;2,64
979;Container - Foam Dixie 12 Oz;7,5
980;Cheese - Cream Cheese;1,69
981;Carbonated Water - Strawberry;6,9
982;Compound - Rum;2,94
983;Bread - Pumpernickel;7,28
984;Cake - Mini Potato Pancake;3,86
985;Mayonnaise;5,37
986;Paper Towel Touchless;4,96
987;Versatainer Nc - 9388;4,41
988;Wine - Placido Pinot Grigo;1,95
989;Bread Sour Rolls;7,01
990;Tea - Orange Pekoe;4,54
991;Brandy Cherry - Mcguinness;6,17
992;Coconut - Shredded, Sweet;8,67
993;Beer - True North Strong Ale;3,65
994;Mangoes;0,01
995;Pail For Lid 1537;8,32
996;Duck - Breast;9,9
997;Onions Granulated;5,37
998;Tomatoes - Diced, Canned;4,65
999;Vinegar - Red Wine;4,14
1000;Lobster - Tail 6 Oz;7,32
